The system is: Linux - 5.10.104-tegra - aarch64
Compiling the C compiler identification source file "CMakeCCompilerId.c" succeeded.
Compiler: /usr/bin/cc 
Build flags: 
Id flags:  

The output was:
0


Compilation of the C compiler identification source "CMakeCCompilerId.c" produced "a.out"

The C compiler identification is GNU, found in "/home/unitree/unitree/Odometer_service/build/ceres_catkin/ceres_src-prefix/src/ceres_src-build/CMakeFiles/3.16.3/CompilerIdC/a.out"

Compiling the CXX compiler identification source file "CMakeCXXCompilerId.cpp" succeeded.
Compiler: /usr/bin/c++ 
Build flags: -fPIC
Id flags:  

The output was:
0


Compilation of the CXX compiler identification source "CMakeCXXCompilerId.cpp" produced "a.out"

The CXX compiler identification is GNU, found in "/home/unitree/unitree/Odometer_service/build/ceres_catkin/ceres_src-prefix/src/ceres_src-build/CMakeFiles/3.16.3/CompilerIdCXX/a.out"

Determining if the C compiler works passed with the following output:
Change Dir: /home/unitree/unitree/Odometer_service/build/ceres_catkin/ceres_src-prefix/src/ceres_src-build/CMakeFiles/CMakeTmp

Run Build Command(s):/usr/bin/make cmTC_b2361/fast && make[3]: Entering directory '/home/unitree/unitree/Odometer_service/build/ceres_catkin/ceres_src-prefix/src/ceres_src-build/CMakeFiles/CMakeTmp'
/usr/bin/make -f CMakeFiles/cmTC_b2361.dir/build.make CMakeFiles/cmTC_b2361.dir/build
make[4]: Entering directory '/home/unitree/unitree/Odometer_service/build/ceres_catkin/ceres_src-prefix/src/ceres_src-build/CMakeFiles/CMakeTmp'
Building C object CMakeFiles/cmTC_b2361.dir/testCCompiler.c.o
/usr/bin/cc    -o CMakeFiles/cmTC_b2361.dir/testCCompiler.c.o   -c /home/unitree/unitree/Odometer_service/build/ceres_catkin/ceres_src-prefix/src/ceres_src-build/CMakeFiles/CMakeTmp/testCCompiler.c
Linking C executable cmTC_b2361
/usr/bin/cmake -E cmake_link_script CMakeFiles/cmTC_b2361.dir/link.txt --verbose=1
/usr/bin/cc      -rdynamic CMakeFiles/cmTC_b2361.dir/testCCompiler.c.o  -o cmTC_b2361 
make[4]: Leaving directory '/home/unitree/unitree/Odometer_service/build/ceres_catkin/ceres_src-prefix/src/ceres_src-build/CMakeFiles/CMakeTmp'
make[3]: Leaving directory '/home/unitree/unitree/Odometer_service/build/ceres_catkin/ceres_src-prefix/src/ceres_src-build/CMakeFiles/CMakeTmp'



Detecting C compiler ABI info compiled with the following output:
Change Dir: /home/unitree/unitree/Odometer_service/build/ceres_catkin/ceres_src-prefix/src/ceres_src-build/CMakeFiles/CMakeTmp

Run Build Command(s):/usr/bin/make cmTC_03cee/fast && make[3]: Entering directory '/home/unitree/unitree/Odometer_service/build/ceres_catkin/ceres_src-prefix/src/ceres_src-build/CMakeFiles/CMakeTmp'
/usr/bin/make -f CMakeFiles/cmTC_03cee.dir/build.make CMakeFiles/cmTC_03cee.dir/build
make[4]: Entering directory '/home/unitree/unitree/Odometer_service/build/ceres_catkin/ceres_src-prefix/src/ceres_src-build/CMakeFiles/CMakeTmp'
Building C object CMakeFiles/cmTC_03cee.dir/CMakeCCompilerABI.c.o
/usr/bin/cc   -v -o CMakeFiles/cmTC_03cee.dir/CMakeCCompilerABI.c.o   -c /usr/share/cmake-3.16/Modules/CMakeCCompilerABI.c
Using built-in specs.
COLLECT_GCC=/usr/bin/cc
Target: aarch64-linux-gnu
Configured with: ../src/configure -v --with-pkgversion='Ubuntu 9.4.0-1ubuntu1~20.04.2' --with-bugurl=file:///usr/share/doc/gcc-9/README.Bugs --enable-languages=c,ada,c++,go,d,fortran,objc,obj-c++,gm2 --prefix=/usr --with-gcc-major-version-only --program-suffix=-9 --program-prefix=aarch64-linux-gnu- --enable-shared --enable-linker-build-id --libexecdir=/usr/lib --without-included-gettext --enable-threads=posix --libdir=/usr/lib --enable-nls --enable-clocale=gnu --enable-libstdcxx-debug --enable-libstdcxx-time=yes --with-default-libstdcxx-abi=new --enable-gnu-unique-object --disable-libquadmath --disable-libquadmath-support --enable-plugin --enable-default-pie --with-system-zlib --with-target-system-zlib=auto --enable-objc-gc=auto --enable-multiarch --enable-fix-cortex-a53-843419 --disable-werror --enable-checking=release --build=aarch64-linux-gnu --host=aarch64-linux-gnu --target=aarch64-linux-gnu
Thread model: posix
gcc version 9.4.0 (Ubuntu 9.4.0-1ubuntu1~20.04.2) 
COLLECT_GCC_OPTIONS='-v' '-o' 'CMakeFiles/cmTC_03cee.dir/CMakeCCompilerABI.c.o' '-c' '-mlittle-endian' '-mabi=lp64'
 /usr/lib/gcc/aarch64-linux-gnu/9/cc1 -quiet -v -imultiarch aarch64-linux-gnu /usr/share/cmake-3.16/Modules/CMakeCCompilerABI.c -quiet -dumpbase CMakeCCompilerABI.c -mlittle-endian -mabi=lp64 -auxbase-strip CMakeFiles/cmTC_03cee.dir/CMakeCCompilerABI.c.o -version -fasynchronous-unwind-tables -fstack-protector-strong -Wformat -Wformat-security -fstack-clash-protection -o /tmp/ccK9leT3.s
GNU C17 (Ubuntu 9.4.0-1ubuntu1~20.04.2) version 9.4.0 (aarch64-linux-gnu)
	compiled by GNU C version 9.4.0, GMP version 6.2.0, MPFR version 4.0.2, MPC version 1.1.0, isl version isl-0.22.1-GMP

GGC heuristics: --param ggc-min-expand=100 --param ggc-min-heapsize=131072
ignoring nonexistent directory "/usr/local/include/aarch64-linux-gnu"
ignoring nonexistent directory "/usr/lib/gcc/aarch64-linux-gnu/9/include-fixed"
ignoring nonexistent directory "/usr/lib/gcc/aarch64-linux-gnu/9/../../../../aarch64-linux-gnu/include"
#include "..." search starts here:
#include <...> search starts here:
 /usr/lib/gcc/aarch64-linux-gnu/9/include
 /usr/local/include
 /usr/include/aarch64-linux-gnu
 /usr/include
End of search list.
GNU C17 (Ubuntu 9.4.0-1ubuntu1~20.04.2) version 9.4.0 (aarch64-linux-gnu)
	compiled by GNU C version 9.4.0, GMP version 6.2.0, MPFR version 4.0.2, MPC version 1.1.0, isl version isl-0.22.1-GMP

GGC heuristics: --param ggc-min-expand=100 --param ggc-min-heapsize=131072
Compiler executable checksum: bae83efe2e4e7b8eac1a6149e340cc5c
COLLECT_GCC_OPTIONS='-v' '-o' 'CMakeFiles/cmTC_03cee.dir/CMakeCCompilerABI.c.o' '-c' '-mlittle-endian' '-mabi=lp64'
 as -v -EL -mabi=lp64 -o CMakeFiles/cmTC_03cee.dir/CMakeCCompilerABI.c.o /tmp/ccK9leT3.s
GNU assembler version 2.34 (aarch64-linux-gnu) using BFD version (GNU Binutils for Ubuntu) 2.34
COMPILER_PATH=/usr/lib/gcc/aarch64-linux-gnu/9/:/usr/lib/gcc/aarch64-linux-gnu/9/:/usr/lib/gcc/aarch64-linux-gnu/:/usr/lib/gcc/aarch64-linux-gnu/9/:/usr/lib/gcc/aarch64-linux-gnu/
LIBRARY_PATH=/usr/lib/gcc/aarch64-linux-gnu/9/:/usr/lib/gcc/aarch64-linux-gnu/9/../../../aarch64-linux-gnu/:/usr/lib/gcc/aarch64-linux-gnu/9/../../../../lib/:/lib/aarch64-linux-gnu/:/lib/../lib/:/usr/lib/aarch64-linux-gnu/:/usr/lib/../lib/:/usr/lib/gcc/aarch64-linux-gnu/9/../../../:/lib/:/usr/lib/
COLLECT_GCC_OPTIONS='-v' '-o' 'CMakeFiles/cmTC_03cee.dir/CMakeCCompilerABI.c.o' '-c' '-mlittle-endian' '-mabi=lp64'
Linking C executable cmTC_03cee
/usr/bin/cmake -E cmake_link_script CMakeFiles/cmTC_03cee.dir/link.txt --verbose=1
/usr/bin/cc     -v -rdynamic CMakeFiles/cmTC_03cee.dir/CMakeCCompilerABI.c.o  -o cmTC_03cee 
Using built-in specs.
COLLECT_GCC=/usr/bin/cc
COLLECT_LTO_WRAPPER=/usr/lib/gcc/aarch64-linux-gnu/9/lto-wrapper
Target: aarch64-linux-gnu
Configured with: ../src/configure -v --with-pkgversion='Ubuntu 9.4.0-1ubuntu1~20.04.2' --with-bugurl=file:///usr/share/doc/gcc-9/README.Bugs --enable-languages=c,ada,c++,go,d,fortran,objc,obj-c++,gm2 --prefix=/usr --with-gcc-major-version-only --program-suffix=-9 --program-prefix=aarch64-linux-gnu- --enable-shared --enable-linker-build-id --libexecdir=/usr/lib --without-included-gettext --enable-threads=posix --libdir=/usr/lib --enable-nls --enable-clocale=gnu --enable-libstdcxx-debug --enable-libstdcxx-time=yes --with-default-libstdcxx-abi=new --enable-gnu-unique-object --disable-libquadmath --disable-libquadmath-support --enable-plugin --enable-default-pie --with-system-zlib --with-target-system-zlib=auto --enable-objc-gc=auto --enable-multiarch --enable-fix-cortex-a53-843419 --disable-werror --enable-checking=release --build=aarch64-linux-gnu --host=aarch64-linux-gnu --target=aarch64-linux-gnu
Thread model: posix
gcc version 9.4.0 (Ubuntu 9.4.0-1ubuntu1~20.04.2) 
COMPILER_PATH=/usr/lib/gcc/aarch64-linux-gnu/9/:/usr/lib/gcc/aarch64-linux-gnu/9/:/usr/lib/gcc/aarch64-linux-gnu/:/usr/lib/gcc/aarch64-linux-gnu/9/:/usr/lib/gcc/aarch64-linux-gnu/
LIBRARY_PATH=/usr/lib/gcc/aarch64-linux-gnu/9/:/usr/lib/gcc/aarch64-linux-gnu/9/../../../aarch64-linux-gnu/:/usr/lib/gcc/aarch64-linux-gnu/9/../../../../lib/:/lib/aarch64-linux-gnu/:/lib/../lib/:/usr/lib/aarch64-linux-gnu/:/usr/lib/../lib/:/usr/lib/gcc/aarch64-linux-gnu/9/../../../:/lib/:/usr/lib/
COLLECT_GCC_OPTIONS='-v' '-rdynamic' '-o' 'cmTC_03cee' '-mlittle-endian' '-mabi=lp64'
 /usr/lib/gcc/aarch64-linux-gnu/9/collect2 -plugin /usr/lib/gcc/aarch64-linux-gnu/9/liblto_plugin.so -plugin-opt=/usr/lib/gcc/aarch64-linux-gnu/9/lto-wrapper -plugin-opt=-fresolution=/tmp/ccyxft4I.res -plugin-opt=-pass-through=-lgcc -plugin-opt=-pass-through=-lgcc_s -plugin-opt=-pass-through=-lc -plugin-opt=-pass-through=-lgcc -plugin-opt=-pass-through=-lgcc_s --build-id --eh-frame-hdr --hash-style=gnu --as-needed -export-dynamic -dynamic-linker /lib/ld-linux-aarch64.so.1 -X -EL -maarch64linux --fix-cortex-a53-843419 -pie -z now -z relro -o cmTC_03cee /usr/lib/gcc/aarch64-linux-gnu/9/../../../aarch64-linux-gnu/Scrt1.o /usr/lib/gcc/aarch64-linux-gnu/9/../../../aarch64-linux-gnu/crti.o /usr/lib/gcc/aarch64-linux-gnu/9/crtbeginS.o -L/usr/lib/gcc/aarch64-linux-gnu/9 -L/usr/lib/gcc/aarch64-linux-gnu/9/../../../aarch64-linux-gnu -L/usr/lib/gcc/aarch64-linux-gnu/9/../../../../lib -L/lib/aarch64-linux-gnu -L/lib/../lib -L/usr/lib/aarch64-linux-gnu -L/usr/lib/../lib -L/usr/lib/gcc/aarch64-linux-gnu/9/../../.. CMakeFiles/cmTC_03cee.dir/CMakeCCompilerABI.c.o -lgcc --push-state --as-needed -lgcc_s --pop-state -lc -lgcc --push-state --as-needed -lgcc_s --pop-state /usr/lib/gcc/aarch64-linux-gnu/9/crtendS.o /usr/lib/gcc/aarch64-linux-gnu/9/../../../aarch64-linux-gnu/crtn.o
COLLECT_GCC_OPTIONS='-v' '-rdynamic' '-o' 'cmTC_03cee' '-mlittle-endian' '-mabi=lp64'
make[4]: Leaving directory '/home/unitree/unitree/Odometer_service/build/ceres_catkin/ceres_src-prefix/src/ceres_src-build/CMakeFiles/CMakeTmp'
make[3]: Leaving directory '/home/unitree/unitree/Odometer_service/build/ceres_catkin/ceres_src-prefix/src/ceres_src-build/CMakeFiles/CMakeTmp'



Parsed C implicit include dir info from above output: rv=done
  found start of include info
  found start of implicit include info
    add: [/usr/lib/gcc/aarch64-linux-gnu/9/include]
    add: [/usr/local/include]
    add: [/usr/include/aarch64-linux-gnu]
    add: [/usr/include]
  end of search list found
  collapse include dir [/usr/lib/gcc/aarch64-linux-gnu/9/include] ==> [/usr/lib/gcc/aarch64-linux-gnu/9/include]
  collapse include dir [/usr/local/include] ==> [/usr/local/include]
  collapse include dir [/usr/include/aarch64-linux-gnu] ==> [/usr/include/aarch64-linux-gnu]
  collapse include dir [/usr/include] ==> [/usr/include]
  implicit include dirs: [/usr/lib/gcc/aarch64-linux-gnu/9/include;/usr/local/include;/usr/include/aarch64-linux-gnu;/usr/include]


Parsed C implicit link information from above output:
  link line regex: [^( *|.*[/\])(ld|CMAKE_LINK_STARTFILE-NOTFOUND|([^/\]+-)?ld|collect2)[^/\]*( |$)]
  ignore line: [Change Dir: /home/unitree/unitree/Odometer_service/build/ceres_catkin/ceres_src-prefix/src/ceres_src-build/CMakeFiles/CMakeTmp]
  ignore line: []
  ignore line: [Run Build Command(s):/usr/bin/make cmTC_03cee/fast && make[3]: Entering directory '/home/unitree/unitree/Odometer_service/build/ceres_catkin/ceres_src-prefix/src/ceres_src-build/CMakeFiles/CMakeTmp']
  ignore line: [/usr/bin/make -f CMakeFiles/cmTC_03cee.dir/build.make CMakeFiles/cmTC_03cee.dir/build]
  ignore line: [make[4]: Entering directory '/home/unitree/unitree/Odometer_service/build/ceres_catkin/ceres_src-prefix/src/ceres_src-build/CMakeFiles/CMakeTmp']
  ignore line: [Building C object CMakeFiles/cmTC_03cee.dir/CMakeCCompilerABI.c.o]
  ignore line: [/usr/bin/cc   -v -o CMakeFiles/cmTC_03cee.dir/CMakeCCompilerABI.c.o   -c /usr/share/cmake-3.16/Modules/CMakeCCompilerABI.c]
  ignore line: [Using built-in specs.]
  ignore line: [COLLECT_GCC=/usr/bin/cc]
  ignore line: [Target: aarch64-linux-gnu]
  ignore line: [Configured with: ../src/configure -v --with-pkgversion='Ubuntu 9.4.0-1ubuntu1~20.04.2' --with-bugurl=file:///usr/share/doc/gcc-9/README.Bugs --enable-languages=c ada c++ go d fortran objc obj-c++ gm2 --prefix=/usr --with-gcc-major-version-only --program-suffix=-9 --program-prefix=aarch64-linux-gnu- --enable-shared --enable-linker-build-id --libexecdir=/usr/lib --without-included-gettext --enable-threads=posix --libdir=/usr/lib --enable-nls --enable-clocale=gnu --enable-libstdcxx-debug --enable-libstdcxx-time=yes --with-default-libstdcxx-abi=new --enable-gnu-unique-object --disable-libquadmath --disable-libquadmath-support --enable-plugin --enable-default-pie --with-system-zlib --with-target-system-zlib=auto --enable-objc-gc=auto --enable-multiarch --enable-fix-cortex-a53-843419 --disable-werror --enable-checking=release --build=aarch64-linux-gnu --host=aarch64-linux-gnu --target=aarch64-linux-gnu]
  ignore line: [Thread model: posix]
  ignore line: [gcc version 9.4.0 (Ubuntu 9.4.0-1ubuntu1~20.04.2) ]
  ignore line: [COLLECT_GCC_OPTIONS='-v' '-o' 'CMakeFiles/cmTC_03cee.dir/CMakeCCompilerABI.c.o' '-c' '-mlittle-endian' '-mabi=lp64']
  ignore line: [ /usr/lib/gcc/aarch64-linux-gnu/9/cc1 -quiet -v -imultiarch aarch64-linux-gnu /usr/share/cmake-3.16/Modules/CMakeCCompilerABI.c -quiet -dumpbase CMakeCCompilerABI.c -mlittle-endian -mabi=lp64 -auxbase-strip CMakeFiles/cmTC_03cee.dir/CMakeCCompilerABI.c.o -version -fasynchronous-unwind-tables -fstack-protector-strong -Wformat -Wformat-security -fstack-clash-protection -o /tmp/ccK9leT3.s]
  ignore line: [GNU C17 (Ubuntu 9.4.0-1ubuntu1~20.04.2) version 9.4.0 (aarch64-linux-gnu)]
  ignore line: [	compiled by GNU C version 9.4.0  GMP version 6.2.0  MPFR version 4.0.2  MPC version 1.1.0  isl version isl-0.22.1-GMP]
  ignore line: []
  ignore line: [GGC heuristics: --param ggc-min-expand=100 --param ggc-min-heapsize=131072]
  ignore line: [ignoring nonexistent directory "/usr/local/include/aarch64-linux-gnu"]
  ignore line: [ignoring nonexistent directory "/usr/lib/gcc/aarch64-linux-gnu/9/include-fixed"]
  ignore line: [ignoring nonexistent directory "/usr/lib/gcc/aarch64-linux-gnu/9/../../../../aarch64-linux-gnu/include"]
  ignore line: [#include "..." search starts here:]
  ignore line: [#include <...> search starts here:]
  ignore line: [ /usr/lib/gcc/aarch64-linux-gnu/9/include]
  ignore line: [ /usr/local/include]
  ignore line: [ /usr/include/aarch64-linux-gnu]
  ignore line: [ /usr/include]
  ignore line: [End of search list.]
  ignore line: [GNU C17 (Ubuntu 9.4.0-1ubuntu1~20.04.2) version 9.4.0 (aarch64-linux-gnu)]
  ignore line: [	compiled by GNU C version 9.4.0  GMP version 6.2.0  MPFR version 4.0.2  MPC version 1.1.0  isl version isl-0.22.1-GMP]
  ignore line: []
  ignore line: [GGC heuristics: --param ggc-min-expand=100 --param ggc-min-heapsize=131072]
  ignore line: [Compiler executable checksum: bae83efe2e4e7b8eac1a6149e340cc5c]
  ignore line: [COLLECT_GCC_OPTIONS='-v' '-o' 'CMakeFiles/cmTC_03cee.dir/CMakeCCompilerABI.c.o' '-c' '-mlittle-endian' '-mabi=lp64']
  ignore line: [ as -v -EL -mabi=lp64 -o CMakeFiles/cmTC_03cee.dir/CMakeCCompilerABI.c.o /tmp/ccK9leT3.s]
  ignore line: [GNU assembler version 2.34 (aarch64-linux-gnu) using BFD version (GNU Binutils for Ubuntu) 2.34]
  ignore line: [COMPILER_PATH=/usr/lib/gcc/aarch64-linux-gnu/9/:/usr/lib/gcc/aarch64-linux-gnu/9/:/usr/lib/gcc/aarch64-linux-gnu/:/usr/lib/gcc/aarch64-linux-gnu/9/:/usr/lib/gcc/aarch64-linux-gnu/]
  ignore line: [LIBRARY_PATH=/usr/lib/gcc/aarch64-linux-gnu/9/:/usr/lib/gcc/aarch64-linux-gnu/9/../../../aarch64-linux-gnu/:/usr/lib/gcc/aarch64-linux-gnu/9/../../../../lib/:/lib/aarch64-linux-gnu/:/lib/../lib/:/usr/lib/aarch64-linux-gnu/:/usr/lib/../lib/:/usr/lib/gcc/aarch64-linux-gnu/9/../../../:/lib/:/usr/lib/]
  ignore line: [COLLECT_GCC_OPTIONS='-v' '-o' 'CMakeFiles/cmTC_03cee.dir/CMakeCCompilerABI.c.o' '-c' '-mlittle-endian' '-mabi=lp64']
  ignore line: [Linking C executable cmTC_03cee]
  ignore line: [/usr/bin/cmake -E cmake_link_script CMakeFiles/cmTC_03cee.dir/link.txt --verbose=1]
  ignore line: [/usr/bin/cc     -v -rdynamic CMakeFiles/cmTC_03cee.dir/CMakeCCompilerABI.c.o  -o cmTC_03cee ]
  ignore line: [Using built-in specs.]
  ignore line: [COLLECT_GCC=/usr/bin/cc]
  ignore line: [COLLECT_LTO_WRAPPER=/usr/lib/gcc/aarch64-linux-gnu/9/lto-wrapper]
  ignore line: [Target: aarch64-linux-gnu]
  ignore line: [Configured with: ../src/configure -v --with-pkgversion='Ubuntu 9.4.0-1ubuntu1~20.04.2' --with-bugurl=file:///usr/share/doc/gcc-9/README.Bugs --enable-languages=c ada c++ go d fortran objc obj-c++ gm2 --prefix=/usr --with-gcc-major-version-only --program-suffix=-9 --program-prefix=aarch64-linux-gnu- --enable-shared --enable-linker-build-id --libexecdir=/usr/lib --without-included-gettext --enable-threads=posix --libdir=/usr/lib --enable-nls --enable-clocale=gnu --enable-libstdcxx-debug --enable-libstdcxx-time=yes --with-default-libstdcxx-abi=new --enable-gnu-unique-object --disable-libquadmath --disable-libquadmath-support --enable-plugin --enable-default-pie --with-system-zlib --with-target-system-zlib=auto --enable-objc-gc=auto --enable-multiarch --enable-fix-cortex-a53-843419 --disable-werror --enable-checking=release --build=aarch64-linux-gnu --host=aarch64-linux-gnu --target=aarch64-linux-gnu]
  ignore line: [Thread model: posix]
  ignore line: [gcc version 9.4.0 (Ubuntu 9.4.0-1ubuntu1~20.04.2) ]
  ignore line: [COMPILER_PATH=/usr/lib/gcc/aarch64-linux-gnu/9/:/usr/lib/gcc/aarch64-linux-gnu/9/:/usr/lib/gcc/aarch64-linux-gnu/:/usr/lib/gcc/aarch64-linux-gnu/9/:/usr/lib/gcc/aarch64-linux-gnu/]
  ignore line: [LIBRARY_PATH=/usr/lib/gcc/aarch64-linux-gnu/9/:/usr/lib/gcc/aarch64-linux-gnu/9/../../../aarch64-linux-gnu/:/usr/lib/gcc/aarch64-linux-gnu/9/../../../../lib/:/lib/aarch64-linux-gnu/:/lib/../lib/:/usr/lib/aarch64-linux-gnu/:/usr/lib/../lib/:/usr/lib/gcc/aarch64-linux-gnu/9/../../../:/lib/:/usr/lib/]
  ignore line: [COLLECT_GCC_OPTIONS='-v' '-rdynamic' '-o' 'cmTC_03cee' '-mlittle-endian' '-mabi=lp64']
  link line: [ /usr/lib/gcc/aarch64-linux-gnu/9/collect2 -plugin /usr/lib/gcc/aarch64-linux-gnu/9/liblto_plugin.so -plugin-opt=/usr/lib/gcc/aarch64-linux-gnu/9/lto-wrapper -plugin-opt=-fresolution=/tmp/ccyxft4I.res -plugin-opt=-pass-through=-lgcc -plugin-opt=-pass-through=-lgcc_s -plugin-opt=-pass-through=-lc -plugin-opt=-pass-through=-lgcc -plugin-opt=-pass-through=-lgcc_s --build-id --eh-frame-hdr --hash-style=gnu --as-needed -export-dynamic -dynamic-linker /lib/ld-linux-aarch64.so.1 -X -EL -maarch64linux --fix-cortex-a53-843419 -pie -z now -z relro -o cmTC_03cee /usr/lib/gcc/aarch64-linux-gnu/9/../../../aarch64-linux-gnu/Scrt1.o /usr/lib/gcc/aarch64-linux-gnu/9/../../../aarch64-linux-gnu/crti.o /usr/lib/gcc/aarch64-linux-gnu/9/crtbeginS.o -L/usr/lib/gcc/aarch64-linux-gnu/9 -L/usr/lib/gcc/aarch64-linux-gnu/9/../../../aarch64-linux-gnu -L/usr/lib/gcc/aarch64-linux-gnu/9/../../../../lib -L/lib/aarch64-linux-gnu -L/lib/../lib -L/usr/lib/aarch64-linux-gnu -L/usr/lib/../lib -L/usr/lib/gcc/aarch64-linux-gnu/9/../../.. CMakeFiles/cmTC_03cee.dir/CMakeCCompilerABI.c.o -lgcc --push-state --as-needed -lgcc_s --pop-state -lc -lgcc --push-state --as-needed -lgcc_s --pop-state /usr/lib/gcc/aarch64-linux-gnu/9/crtendS.o /usr/lib/gcc/aarch64-linux-gnu/9/../../../aarch64-linux-gnu/crtn.o]
    arg [/usr/lib/gcc/aarch64-linux-gnu/9/collect2] ==> ignore
    arg [-plugin] ==> ignore
    arg [/usr/lib/gcc/aarch64-linux-gnu/9/liblto_plugin.so] ==> ignore
    arg [-plugin-opt=/usr/lib/gcc/aarch64-linux-gnu/9/lto-wrapper] ==> ignore
    arg [-plugin-opt=-fresolution=/tmp/ccyxft4I.res] ==> ignore
    arg [-plugin-opt=-pass-through=-lgcc] ==> ignore
    arg [-plugin-opt=-pass-through=-lgcc_s] ==> ignore
    arg [-plugin-opt=-pass-through=-lc] ==> ignore
    arg [-plugin-opt=-pass-through=-lgcc] ==> ignore
    arg [-plugin-opt=-pass-through=-lgcc_s] ==> ignore
    arg [--build-id] ==> ignore
    arg [--eh-frame-hdr] ==> ignore
    arg [--hash-style=gnu] ==> ignore
    arg [--as-needed] ==> ignore
    arg [-export-dynamic] ==> ignore
    arg [-dynamic-linker] ==> ignore
    arg [/lib/ld-linux-aarch64.so.1] ==> ignore
    arg [-X] ==> ignore
    arg [-EL] ==> ignore
    arg [-maarch64linux] ==> ignore
    arg [--fix-cortex-a53-843419] ==> ignore
    arg [-pie] ==> ignore
    arg [-znow] ==> ignore
    arg [-zrelro] ==> ignore
    arg [-o] ==> ignore
    arg [cmTC_03cee] ==> ignore
    arg [/usr/lib/gcc/aarch64-linux-gnu/9/../../../aarch64-linux-gnu/Scrt1.o] ==> ignore
    arg [/usr/lib/gcc/aarch64-linux-gnu/9/../../../aarch64-linux-gnu/crti.o] ==> ignore
    arg [/usr/lib/gcc/aarch64-linux-gnu/9/crtbeginS.o] ==> ignore
    arg [-L/usr/lib/gcc/aarch64-linux-gnu/9] ==> dir [/usr/lib/gcc/aarch64-linux-gnu/9]
    arg [-L/usr/lib/gcc/aarch64-linux-gnu/9/../../../aarch64-linux-gnu] ==> dir [/usr/lib/gcc/aarch64-linux-gnu/9/../../../aarch64-linux-gnu]
    arg [-L/usr/lib/gcc/aarch64-linux-gnu/9/../../../../lib] ==> dir [/usr/lib/gcc/aarch64-linux-gnu/9/../../../../lib]
    arg [-L/lib/aarch64-linux-gnu] ==> dir [/lib/aarch64-linux-gnu]
    arg [-L/lib/../lib] ==> dir [/lib/../lib]
    arg [-L/usr/lib/aarch64-linux-gnu] ==> dir [/usr/lib/aarch64-linux-gnu]
    arg [-L/usr/lib/../lib] ==> dir [/usr/lib/../lib]
    arg [-L/usr/lib/gcc/aarch64-linux-gnu/9/../../..] ==> dir [/usr/lib/gcc/aarch64-linux-gnu/9/../../..]
    arg [CMakeFiles/cmTC_03cee.dir/CMakeCCompilerABI.c.o] ==> ignore
    arg [-lgcc] ==> lib [gcc]
    arg [--push-state] ==> ignore
    arg [--as-needed] ==> ignore
    arg [-lgcc_s] ==> lib [gcc_s]
    arg [--pop-state] ==> ignore
    arg [-lc] ==> lib [c]
    arg [-lgcc] ==> lib [gcc]
    arg [--push-state] ==> ignore
    arg [--as-needed] ==> ignore
    arg [-lgcc_s] ==> lib [gcc_s]
    arg [--pop-state] ==> ignore
    arg [/usr/lib/gcc/aarch64-linux-gnu/9/crtendS.o] ==> ignore
    arg [/usr/lib/gcc/aarch64-linux-gnu/9/../../../aarch64-linux-gnu/crtn.o] ==> ignore
  collapse library dir [/usr/lib/gcc/aarch64-linux-gnu/9] ==> [/usr/lib/gcc/aarch64-linux-gnu/9]
  collapse library dir [/usr/lib/gcc/aarch64-linux-gnu/9/../../../aarch64-linux-gnu] ==> [/usr/lib/aarch64-linux-gnu]
  collapse library dir [/usr/lib/gcc/aarch64-linux-gnu/9/../../../../lib] ==> [/usr/lib]
  collapse library dir [/lib/aarch64-linux-gnu] ==> [/lib/aarch64-linux-gnu]
  collapse library dir [/lib/../lib] ==> [/lib]
  collapse library dir [/usr/lib/aarch64-linux-gnu] ==> [/usr/lib/aarch64-linux-gnu]
  collapse library dir [/usr/lib/../lib] ==> [/usr/lib]
  collapse library dir [/usr/lib/gcc/aarch64-linux-gnu/9/../../..] ==> [/usr/lib]
  implicit libs: [gcc;gcc_s;c;gcc;gcc_s]
  implicit dirs: [/usr/lib/gcc/aarch64-linux-gnu/9;/usr/lib/aarch64-linux-gnu;/usr/lib;/lib/aarch64-linux-gnu;/lib]
  implicit fwks: []


Determining if the CXX compiler works passed with the following output:
Change Dir: /home/unitree/unitree/Odometer_service/build/ceres_catkin/ceres_src-prefix/src/ceres_src-build/CMakeFiles/CMakeTmp

Run Build Command(s):/usr/bin/make cmTC_0a19a/fast && make[3]: Entering directory '/home/unitree/unitree/Odometer_service/build/ceres_catkin/ceres_src-prefix/src/ceres_src-build/CMakeFiles/CMakeTmp'
/usr/bin/make -f CMakeFiles/cmTC_0a19a.dir/build.make CMakeFiles/cmTC_0a19a.dir/build
make[4]: Entering directory '/home/unitree/unitree/Odometer_service/build/ceres_catkin/ceres_src-prefix/src/ceres_src-build/CMakeFiles/CMakeTmp'
Building CXX object CMakeFiles/cmTC_0a19a.dir/testCXXCompiler.cxx.o
/usr/bin/c++    -fPIC    -o CMakeFiles/cmTC_0a19a.dir/testCXXCompiler.cxx.o -c /home/unitree/unitree/Odometer_service/build/ceres_catkin/ceres_src-prefix/src/ceres_src-build/CMakeFiles/CMakeTmp/testCXXCompiler.cxx
Linking CXX executable cmTC_0a19a
/usr/bin/cmake -E cmake_link_script CMakeFiles/cmTC_0a19a.dir/link.txt --verbose=1
/usr/bin/c++  -fPIC     -rdynamic CMakeFiles/cmTC_0a19a.dir/testCXXCompiler.cxx.o  -o cmTC_0a19a 
make[4]: Leaving directory '/home/unitree/unitree/Odometer_service/build/ceres_catkin/ceres_src-prefix/src/ceres_src-build/CMakeFiles/CMakeTmp'
make[3]: Leaving directory '/home/unitree/unitree/Odometer_service/build/ceres_catkin/ceres_src-prefix/src/ceres_src-build/CMakeFiles/CMakeTmp'



Detecting CXX compiler ABI info compiled with the following output:
Change Dir: /home/unitree/unitree/Odometer_service/build/ceres_catkin/ceres_src-prefix/src/ceres_src-build/CMakeFiles/CMakeTmp

Run Build Command(s):/usr/bin/make cmTC_1cbed/fast && make[3]: Entering directory '/home/unitree/unitree/Odometer_service/build/ceres_catkin/ceres_src-prefix/src/ceres_src-build/CMakeFiles/CMakeTmp'
/usr/bin/make -f CMakeFiles/cmTC_1cbed.dir/build.make CMakeFiles/cmTC_1cbed.dir/build
make[4]: Entering directory '/home/unitree/unitree/Odometer_service/build/ceres_catkin/ceres_src-prefix/src/ceres_src-build/CMakeFiles/CMakeTmp'
Building CXX object CMakeFiles/cmTC_1cbed.dir/CMakeCXXCompilerABI.cpp.o
/usr/bin/c++    -fPIC    -v -o CMakeFiles/cmTC_1cbed.dir/CMakeCXXCompilerABI.cpp.o -c /usr/share/cmake-3.16/Modules/CMakeCXXCompilerABI.cpp
Using built-in specs.
COLLECT_GCC=/usr/bin/c++
Target: aarch64-linux-gnu
Configured with: ../src/configure -v --with-pkgversion='Ubuntu 9.4.0-1ubuntu1~20.04.2' --with-bugurl=file:///usr/share/doc/gcc-9/README.Bugs --enable-languages=c,ada,c++,go,d,fortran,objc,obj-c++,gm2 --prefix=/usr --with-gcc-major-version-only --program-suffix=-9 --program-prefix=aarch64-linux-gnu- --enable-shared --enable-linker-build-id --libexecdir=/usr/lib --without-included-gettext --enable-threads=posix --libdir=/usr/lib --enable-nls --enable-clocale=gnu --enable-libstdcxx-debug --enable-libstdcxx-time=yes --with-default-libstdcxx-abi=new --enable-gnu-unique-object --disable-libquadmath --disable-libquadmath-support --enable-plugin --enable-default-pie --with-system-zlib --with-target-system-zlib=auto --enable-objc-gc=auto --enable-multiarch --enable-fix-cortex-a53-843419 --disable-werror --enable-checking=release --build=aarch64-linux-gnu --host=aarch64-linux-gnu --target=aarch64-linux-gnu
Thread model: posix
gcc version 9.4.0 (Ubuntu 9.4.0-1ubuntu1~20.04.2) 
COLLECT_GCC_OPTIONS='-fPIC' '-v' '-o' 'CMakeFiles/cmTC_1cbed.dir/CMakeCXXCompilerABI.cpp.o' '-c' '-shared-libgcc' '-mlittle-endian' '-mabi=lp64'
 /usr/lib/gcc/aarch64-linux-gnu/9/cc1plus -quiet -v -imultiarch aarch64-linux-gnu -D_GNU_SOURCE /usr/share/cmake-3.16/Modules/CMakeCXXCompilerABI.cpp -quiet -dumpbase CMakeCXXCompilerABI.cpp -mlittle-endian -mabi=lp64 -auxbase-strip CMakeFiles/cmTC_1cbed.dir/CMakeCXXCompilerABI.cpp.o -version -fPIC -fasynchronous-unwind-tables -fstack-protector-strong -Wformat -Wformat-security -fstack-clash-protection -o /tmp/ccOqQqtu.s
GNU C++14 (Ubuntu 9.4.0-1ubuntu1~20.04.2) version 9.4.0 (aarch64-linux-gnu)
	compiled by GNU C version 9.4.0, GMP version 6.2.0, MPFR version 4.0.2, MPC version 1.1.0, isl version isl-0.22.1-GMP

GGC heuristics: --param ggc-min-expand=100 --param ggc-min-heapsize=131072
ignoring duplicate directory "/usr/include/aarch64-linux-gnu/c++/9"
ignoring nonexistent directory "/usr/local/include/aarch64-linux-gnu"
ignoring nonexistent directory "/usr/lib/gcc/aarch64-linux-gnu/9/include-fixed"
ignoring nonexistent directory "/usr/lib/gcc/aarch64-linux-gnu/9/../../../../aarch64-linux-gnu/include"
#include "..." search starts here:
#include <...> search starts here:
 /usr/include/c++/9
 /usr/include/aarch64-linux-gnu/c++/9
 /usr/include/c++/9/backward
 /usr/lib/gcc/aarch64-linux-gnu/9/include
 /usr/local/include
 /usr/include/aarch64-linux-gnu
 /usr/include
End of search list.
GNU C++14 (Ubuntu 9.4.0-1ubuntu1~20.04.2) version 9.4.0 (aarch64-linux-gnu)
	compiled by GNU C version 9.4.0, GMP version 6.2.0, MPFR version 4.0.2, MPC version 1.1.0, isl version isl-0.22.1-GMP

GGC heuristics: --param ggc-min-expand=100 --param ggc-min-heapsize=131072
Compiler executable checksum: 76f300a9566415b293c4e87b0a05621d
COLLECT_GCC_OPTIONS='-fPIC' '-v' '-o' 'CMakeFiles/cmTC_1cbed.dir/CMakeCXXCompilerABI.cpp.o' '-c' '-shared-libgcc' '-mlittle-endian' '-mabi=lp64'
 as -v -EL -mabi=lp64 -o CMakeFiles/cmTC_1cbed.dir/CMakeCXXCompilerABI.cpp.o /tmp/ccOqQqtu.s
GNU assembler version 2.34 (aarch64-linux-gnu) using BFD version (GNU Binutils for Ubuntu) 2.34
COMPILER_PATH=/usr/lib/gcc/aarch64-linux-gnu/9/:/usr/lib/gcc/aarch64-linux-gnu/9/:/usr/lib/gcc/aarch64-linux-gnu/:/usr/lib/gcc/aarch64-linux-gnu/9/:/usr/lib/gcc/aarch64-linux-gnu/
LIBRARY_PATH=/usr/lib/gcc/aarch64-linux-gnu/9/:/usr/lib/gcc/aarch64-linux-gnu/9/../../../aarch64-linux-gnu/:/usr/lib/gcc/aarch64-linux-gnu/9/../../../../lib/:/lib/aarch64-linux-gnu/:/lib/../lib/:/usr/lib/aarch64-linux-gnu/:/usr/lib/../lib/:/usr/lib/gcc/aarch64-linux-gnu/9/../../../:/lib/:/usr/lib/
COLLECT_GCC_OPTIONS='-fPIC' '-v' '-o' 'CMakeFiles/cmTC_1cbed.dir/CMakeCXXCompilerABI.cpp.o' '-c' '-shared-libgcc' '-mlittle-endian' '-mabi=lp64'
Linking CXX executable cmTC_1cbed
/usr/bin/cmake -E cmake_link_script CMakeFiles/cmTC_1cbed.dir/link.txt --verbose=1
/usr/bin/c++  -fPIC    -v -rdynamic CMakeFiles/cmTC_1cbed.dir/CMakeCXXCompilerABI.cpp.o  -o cmTC_1cbed 
Using built-in specs.
COLLECT_GCC=/usr/bin/c++
COLLECT_LTO_WRAPPER=/usr/lib/gcc/aarch64-linux-gnu/9/lto-wrapper
Target: aarch64-linux-gnu
Configured with: ../src/configure -v --with-pkgversion='Ubuntu 9.4.0-1ubuntu1~20.04.2' --with-bugurl=file:///usr/share/doc/gcc-9/README.Bugs --enable-languages=c,ada,c++,go,d,fortran,objc,obj-c++,gm2 --prefix=/usr --with-gcc-major-version-only --program-suffix=-9 --program-prefix=aarch64-linux-gnu- --enable-shared --enable-linker-build-id --libexecdir=/usr/lib --without-included-gettext --enable-threads=posix --libdir=/usr/lib --enable-nls --enable-clocale=gnu --enable-libstdcxx-debug --enable-libstdcxx-time=yes --with-default-libstdcxx-abi=new --enable-gnu-unique-object --disable-libquadmath --disable-libquadmath-support --enable-plugin --enable-default-pie --with-system-zlib --with-target-system-zlib=auto --enable-objc-gc=auto --enable-multiarch --enable-fix-cortex-a53-843419 --disable-werror --enable-checking=release --build=aarch64-linux-gnu --host=aarch64-linux-gnu --target=aarch64-linux-gnu
Thread model: posix
gcc version 9.4.0 (Ubuntu 9.4.0-1ubuntu1~20.04.2) 
COMPILER_PATH=/usr/lib/gcc/aarch64-linux-gnu/9/:/usr/lib/gcc/aarch64-linux-gnu/9/:/usr/lib/gcc/aarch64-linux-gnu/:/usr/lib/gcc/aarch64-linux-gnu/9/:/usr/lib/gcc/aarch64-linux-gnu/
LIBRARY_PATH=/usr/lib/gcc/aarch64-linux-gnu/9/:/usr/lib/gcc/aarch64-linux-gnu/9/../../../aarch64-linux-gnu/:/usr/lib/gcc/aarch64-linux-gnu/9/../../../../lib/:/lib/aarch64-linux-gnu/:/lib/../lib/:/usr/lib/aarch64-linux-gnu/:/usr/lib/../lib/:/usr/lib/gcc/aarch64-linux-gnu/9/../../../:/lib/:/usr/lib/
COLLECT_GCC_OPTIONS='-fPIC' '-v' '-rdynamic' '-o' 'cmTC_1cbed' '-shared-libgcc' '-mlittle-endian' '-mabi=lp64'
 /usr/lib/gcc/aarch64-linux-gnu/9/collect2 -plugin /usr/lib/gcc/aarch64-linux-gnu/9/liblto_plugin.so -plugin-opt=/usr/lib/gcc/aarch64-linux-gnu/9/lto-wrapper -plugin-opt=-fresolution=/tmp/ccLyiJ1l.res -plugin-opt=-pass-through=-lgcc_s -plugin-opt=-pass-through=-lgcc -plugin-opt=-pass-through=-lc -plugin-opt=-pass-through=-lgcc_s -plugin-opt=-pass-through=-lgcc --build-id --eh-frame-hdr --hash-style=gnu --as-needed -export-dynamic -dynamic-linker /lib/ld-linux-aarch64.so.1 -X -EL -maarch64linux --fix-cortex-a53-843419 -pie -z now -z relro -o cmTC_1cbed /usr/lib/gcc/aarch64-linux-gnu/9/../../../aarch64-linux-gnu/Scrt1.o /usr/lib/gcc/aarch64-linux-gnu/9/../../../aarch64-linux-gnu/crti.o /usr/lib/gcc/aarch64-linux-gnu/9/crtbeginS.o -L/usr/lib/gcc/aarch64-linux-gnu/9 -L/usr/lib/gcc/aarch64-linux-gnu/9/../../../aarch64-linux-gnu -L/usr/lib/gcc/aarch64-linux-gnu/9/../../../../lib -L/lib/aarch64-linux-gnu -L/lib/../lib -L/usr/lib/aarch64-linux-gnu -L/usr/lib/../lib -L/usr/lib/gcc/aarch64-linux-gnu/9/../../.. CMakeFiles/cmTC_1cbed.dir/CMakeCXXCompilerABI.cpp.o -lstdc++ -lm -lgcc_s -lgcc -lc -lgcc_s -lgcc /usr/lib/gcc/aarch64-linux-gnu/9/crtendS.o /usr/lib/gcc/aarch64-linux-gnu/9/../../../aarch64-linux-gnu/crtn.o
COLLECT_GCC_OPTIONS='-fPIC' '-v' '-rdynamic' '-o' 'cmTC_1cbed' '-shared-libgcc' '-mlittle-endian' '-mabi=lp64'
make[4]: Leaving directory '/home/unitree/unitree/Odometer_service/build/ceres_catkin/ceres_src-prefix/src/ceres_src-build/CMakeFiles/CMakeTmp'
make[3]: Leaving directory '/home/unitree/unitree/Odometer_service/build/ceres_catkin/ceres_src-prefix/src/ceres_src-build/CMakeFiles/CMakeTmp'



Parsed CXX implicit include dir info from above output: rv=done
  found start of include info
  found start of implicit include info
    add: [/usr/include/c++/9]
    add: [/usr/include/aarch64-linux-gnu/c++/9]
    add: [/usr/include/c++/9/backward]
    add: [/usr/lib/gcc/aarch64-linux-gnu/9/include]
    add: [/usr/local/include]
    add: [/usr/include/aarch64-linux-gnu]
    add: [/usr/include]
  end of search list found
  collapse include dir [/usr/include/c++/9] ==> [/usr/include/c++/9]
  collapse include dir [/usr/include/aarch64-linux-gnu/c++/9] ==> [/usr/include/aarch64-linux-gnu/c++/9]
  collapse include dir [/usr/include/c++/9/backward] ==> [/usr/include/c++/9/backward]
  collapse include dir [/usr/lib/gcc/aarch64-linux-gnu/9/include] ==> [/usr/lib/gcc/aarch64-linux-gnu/9/include]
  collapse include dir [/usr/local/include] ==> [/usr/local/include]
  collapse include dir [/usr/include/aarch64-linux-gnu] ==> [/usr/include/aarch64-linux-gnu]
  collapse include dir [/usr/include] ==> [/usr/include]
  implicit include dirs: [/usr/include/c++/9;/usr/include/aarch64-linux-gnu/c++/9;/usr/include/c++/9/backward;/usr/lib/gcc/aarch64-linux-gnu/9/include;/usr/local/include;/usr/include/aarch64-linux-gnu;/usr/include]


Parsed CXX implicit link information from above output:
  link line regex: [^( *|.*[/\])(ld|CMAKE_LINK_STARTFILE-NOTFOUND|([^/\]+-)?ld|collect2)[^/\]*( |$)]
  ignore line: [Change Dir: /home/unitree/unitree/Odometer_service/build/ceres_catkin/ceres_src-prefix/src/ceres_src-build/CMakeFiles/CMakeTmp]
  ignore line: []
  ignore line: [Run Build Command(s):/usr/bin/make cmTC_1cbed/fast && make[3]: Entering directory '/home/unitree/unitree/Odometer_service/build/ceres_catkin/ceres_src-prefix/src/ceres_src-build/CMakeFiles/CMakeTmp']
  ignore line: [/usr/bin/make -f CMakeFiles/cmTC_1cbed.dir/build.make CMakeFiles/cmTC_1cbed.dir/build]
  ignore line: [make[4]: Entering directory '/home/unitree/unitree/Odometer_service/build/ceres_catkin/ceres_src-prefix/src/ceres_src-build/CMakeFiles/CMakeTmp']
  ignore line: [Building CXX object CMakeFiles/cmTC_1cbed.dir/CMakeCXXCompilerABI.cpp.o]
  ignore line: [/usr/bin/c++    -fPIC    -v -o CMakeFiles/cmTC_1cbed.dir/CMakeCXXCompilerABI.cpp.o -c /usr/share/cmake-3.16/Modules/CMakeCXXCompilerABI.cpp]
  ignore line: [Using built-in specs.]
  ignore line: [COLLECT_GCC=/usr/bin/c++]
  ignore line: [Target: aarch64-linux-gnu]
  ignore line: [Configured with: ../src/configure -v --with-pkgversion='Ubuntu 9.4.0-1ubuntu1~20.04.2' --with-bugurl=file:///usr/share/doc/gcc-9/README.Bugs --enable-languages=c ada c++ go d fortran objc obj-c++ gm2 --prefix=/usr --with-gcc-major-version-only --program-suffix=-9 --program-prefix=aarch64-linux-gnu- --enable-shared --enable-linker-build-id --libexecdir=/usr/lib --without-included-gettext --enable-threads=posix --libdir=/usr/lib --enable-nls --enable-clocale=gnu --enable-libstdcxx-debug --enable-libstdcxx-time=yes --with-default-libstdcxx-abi=new --enable-gnu-unique-object --disable-libquadmath --disable-libquadmath-support --enable-plugin --enable-default-pie --with-system-zlib --with-target-system-zlib=auto --enable-objc-gc=auto --enable-multiarch --enable-fix-cortex-a53-843419 --disable-werror --enable-checking=release --build=aarch64-linux-gnu --host=aarch64-linux-gnu --target=aarch64-linux-gnu]
  ignore line: [Thread model: posix]
  ignore line: [gcc version 9.4.0 (Ubuntu 9.4.0-1ubuntu1~20.04.2) ]
  ignore line: [COLLECT_GCC_OPTIONS='-fPIC' '-v' '-o' 'CMakeFiles/cmTC_1cbed.dir/CMakeCXXCompilerABI.cpp.o' '-c' '-shared-libgcc' '-mlittle-endian' '-mabi=lp64']
  ignore line: [ /usr/lib/gcc/aarch64-linux-gnu/9/cc1plus -quiet -v -imultiarch aarch64-linux-gnu -D_GNU_SOURCE /usr/share/cmake-3.16/Modules/CMakeCXXCompilerABI.cpp -quiet -dumpbase CMakeCXXCompilerABI.cpp -mlittle-endian -mabi=lp64 -auxbase-strip CMakeFiles/cmTC_1cbed.dir/CMakeCXXCompilerABI.cpp.o -version -fPIC -fasynchronous-unwind-tables -fstack-protector-strong -Wformat -Wformat-security -fstack-clash-protection -o /tmp/ccOqQqtu.s]
  ignore line: [GNU C++14 (Ubuntu 9.4.0-1ubuntu1~20.04.2) version 9.4.0 (aarch64-linux-gnu)]
  ignore line: [	compiled by GNU C version 9.4.0  GMP version 6.2.0  MPFR version 4.0.2  MPC version 1.1.0  isl version isl-0.22.1-GMP]
  ignore line: []
  ignore line: [GGC heuristics: --param ggc-min-expand=100 --param ggc-min-heapsize=131072]
  ignore line: [ignoring duplicate directory "/usr/include/aarch64-linux-gnu/c++/9"]
  ignore line: [ignoring nonexistent directory "/usr/local/include/aarch64-linux-gnu"]
  ignore line: [ignoring nonexistent directory "/usr/lib/gcc/aarch64-linux-gnu/9/include-fixed"]
  ignore line: [ignoring nonexistent directory "/usr/lib/gcc/aarch64-linux-gnu/9/../../../../aarch64-linux-gnu/include"]
  ignore line: [#include "..." search starts here:]
  ignore line: [#include <...> search starts here:]
  ignore line: [ /usr/include/c++/9]
  ignore line: [ /usr/include/aarch64-linux-gnu/c++/9]
  ignore line: [ /usr/include/c++/9/backward]
  ignore line: [ /usr/lib/gcc/aarch64-linux-gnu/9/include]
  ignore line: [ /usr/local/include]
  ignore line: [ /usr/include/aarch64-linux-gnu]
  ignore line: [ /usr/include]
  ignore line: [End of search list.]
  ignore line: [GNU C++14 (Ubuntu 9.4.0-1ubuntu1~20.04.2) version 9.4.0 (aarch64-linux-gnu)]
  ignore line: [	compiled by GNU C version 9.4.0  GMP version 6.2.0  MPFR version 4.0.2  MPC version 1.1.0  isl version isl-0.22.1-GMP]
  ignore line: []
  ignore line: [GGC heuristics: --param ggc-min-expand=100 --param ggc-min-heapsize=131072]
  ignore line: [Compiler executable checksum: 76f300a9566415b293c4e87b0a05621d]
  ignore line: [COLLECT_GCC_OPTIONS='-fPIC' '-v' '-o' 'CMakeFiles/cmTC_1cbed.dir/CMakeCXXCompilerABI.cpp.o' '-c' '-shared-libgcc' '-mlittle-endian' '-mabi=lp64']
  ignore line: [ as -v -EL -mabi=lp64 -o CMakeFiles/cmTC_1cbed.dir/CMakeCXXCompilerABI.cpp.o /tmp/ccOqQqtu.s]
  ignore line: [GNU assembler version 2.34 (aarch64-linux-gnu) using BFD version (GNU Binutils for Ubuntu) 2.34]
  ignore line: [COMPILER_PATH=/usr/lib/gcc/aarch64-linux-gnu/9/:/usr/lib/gcc/aarch64-linux-gnu/9/:/usr/lib/gcc/aarch64-linux-gnu/:/usr/lib/gcc/aarch64-linux-gnu/9/:/usr/lib/gcc/aarch64-linux-gnu/]
  ignore line: [LIBRARY_PATH=/usr/lib/gcc/aarch64-linux-gnu/9/:/usr/lib/gcc/aarch64-linux-gnu/9/../../../aarch64-linux-gnu/:/usr/lib/gcc/aarch64-linux-gnu/9/../../../../lib/:/lib/aarch64-linux-gnu/:/lib/../lib/:/usr/lib/aarch64-linux-gnu/:/usr/lib/../lib/:/usr/lib/gcc/aarch64-linux-gnu/9/../../../:/lib/:/usr/lib/]
  ignore line: [COLLECT_GCC_OPTIONS='-fPIC' '-v' '-o' 'CMakeFiles/cmTC_1cbed.dir/CMakeCXXCompilerABI.cpp.o' '-c' '-shared-libgcc' '-mlittle-endian' '-mabi=lp64']
  ignore line: [Linking CXX executable cmTC_1cbed]
  ignore line: [/usr/bin/cmake -E cmake_link_script CMakeFiles/cmTC_1cbed.dir/link.txt --verbose=1]
  ignore line: [/usr/bin/c++  -fPIC    -v -rdynamic CMakeFiles/cmTC_1cbed.dir/CMakeCXXCompilerABI.cpp.o  -o cmTC_1cbed ]
  ignore line: [Using built-in specs.]
  ignore line: [COLLECT_GCC=/usr/bin/c++]
  ignore line: [COLLECT_LTO_WRAPPER=/usr/lib/gcc/aarch64-linux-gnu/9/lto-wrapper]
  ignore line: [Target: aarch64-linux-gnu]
  ignore line: [Configured with: ../src/configure -v --with-pkgversion='Ubuntu 9.4.0-1ubuntu1~20.04.2' --with-bugurl=file:///usr/share/doc/gcc-9/README.Bugs --enable-languages=c ada c++ go d fortran objc obj-c++ gm2 --prefix=/usr --with-gcc-major-version-only --program-suffix=-9 --program-prefix=aarch64-linux-gnu- --enable-shared --enable-linker-build-id --libexecdir=/usr/lib --without-included-gettext --enable-threads=posix --libdir=/usr/lib --enable-nls --enable-clocale=gnu --enable-libstdcxx-debug --enable-libstdcxx-time=yes --with-default-libstdcxx-abi=new --enable-gnu-unique-object --disable-libquadmath --disable-libquadmath-support --enable-plugin --enable-default-pie --with-system-zlib --with-target-system-zlib=auto --enable-objc-gc=auto --enable-multiarch --enable-fix-cortex-a53-843419 --disable-werror --enable-checking=release --build=aarch64-linux-gnu --host=aarch64-linux-gnu --target=aarch64-linux-gnu]
  ignore line: [Thread model: posix]
  ignore line: [gcc version 9.4.0 (Ubuntu 9.4.0-1ubuntu1~20.04.2) ]
  ignore line: [COMPILER_PATH=/usr/lib/gcc/aarch64-linux-gnu/9/:/usr/lib/gcc/aarch64-linux-gnu/9/:/usr/lib/gcc/aarch64-linux-gnu/:/usr/lib/gcc/aarch64-linux-gnu/9/:/usr/lib/gcc/aarch64-linux-gnu/]
  ignore line: [LIBRARY_PATH=/usr/lib/gcc/aarch64-linux-gnu/9/:/usr/lib/gcc/aarch64-linux-gnu/9/../../../aarch64-linux-gnu/:/usr/lib/gcc/aarch64-linux-gnu/9/../../../../lib/:/lib/aarch64-linux-gnu/:/lib/../lib/:/usr/lib/aarch64-linux-gnu/:/usr/lib/../lib/:/usr/lib/gcc/aarch64-linux-gnu/9/../../../:/lib/:/usr/lib/]
  ignore line: [COLLECT_GCC_OPTIONS='-fPIC' '-v' '-rdynamic' '-o' 'cmTC_1cbed' '-shared-libgcc' '-mlittle-endian' '-mabi=lp64']
  link line: [ /usr/lib/gcc/aarch64-linux-gnu/9/collect2 -plugin /usr/lib/gcc/aarch64-linux-gnu/9/liblto_plugin.so -plugin-opt=/usr/lib/gcc/aarch64-linux-gnu/9/lto-wrapper -plugin-opt=-fresolution=/tmp/ccLyiJ1l.res -plugin-opt=-pass-through=-lgcc_s -plugin-opt=-pass-through=-lgcc -plugin-opt=-pass-through=-lc -plugin-opt=-pass-through=-lgcc_s -plugin-opt=-pass-through=-lgcc --build-id --eh-frame-hdr --hash-style=gnu --as-needed -export-dynamic -dynamic-linker /lib/ld-linux-aarch64.so.1 -X -EL -maarch64linux --fix-cortex-a53-843419 -pie -z now -z relro -o cmTC_1cbed /usr/lib/gcc/aarch64-linux-gnu/9/../../../aarch64-linux-gnu/Scrt1.o /usr/lib/gcc/aarch64-linux-gnu/9/../../../aarch64-linux-gnu/crti.o /usr/lib/gcc/aarch64-linux-gnu/9/crtbeginS.o -L/usr/lib/gcc/aarch64-linux-gnu/9 -L/usr/lib/gcc/aarch64-linux-gnu/9/../../../aarch64-linux-gnu -L/usr/lib/gcc/aarch64-linux-gnu/9/../../../../lib -L/lib/aarch64-linux-gnu -L/lib/../lib -L/usr/lib/aarch64-linux-gnu -L/usr/lib/../lib -L/usr/lib/gcc/aarch64-linux-gnu/9/../../.. CMakeFiles/cmTC_1cbed.dir/CMakeCXXCompilerABI.cpp.o -lstdc++ -lm -lgcc_s -lgcc -lc -lgcc_s -lgcc /usr/lib/gcc/aarch64-linux-gnu/9/crtendS.o /usr/lib/gcc/aarch64-linux-gnu/9/../../../aarch64-linux-gnu/crtn.o]
    arg [/usr/lib/gcc/aarch64-linux-gnu/9/collect2] ==> ignore
    arg [-plugin] ==> ignore
    arg [/usr/lib/gcc/aarch64-linux-gnu/9/liblto_plugin.so] ==> ignore
    arg [-plugin-opt=/usr/lib/gcc/aarch64-linux-gnu/9/lto-wrapper] ==> ignore
    arg [-plugin-opt=-fresolution=/tmp/ccLyiJ1l.res] ==> ignore
    arg [-plugin-opt=-pass-through=-lgcc_s] ==> ignore
    arg [-plugin-opt=-pass-through=-lgcc] ==> ignore
    arg [-plugin-opt=-pass-through=-lc] ==> ignore
    arg [-plugin-opt=-pass-through=-lgcc_s] ==> ignore
    arg [-plugin-opt=-pass-through=-lgcc] ==> ignore
    arg [--build-id] ==> ignore
    arg [--eh-frame-hdr] ==> ignore
    arg [--hash-style=gnu] ==> ignore
    arg [--as-needed] ==> ignore
    arg [-export-dynamic] ==> ignore
    arg [-dynamic-linker] ==> ignore
    arg [/lib/ld-linux-aarch64.so.1] ==> ignore
    arg [-X] ==> ignore
    arg [-EL] ==> ignore
    arg [-maarch64linux] ==> ignore
    arg [--fix-cortex-a53-843419] ==> ignore
    arg [-pie] ==> ignore
    arg [-znow] ==> ignore
    arg [-zrelro] ==> ignore
    arg [-o] ==> ignore
    arg [cmTC_1cbed] ==> ignore
    arg [/usr/lib/gcc/aarch64-linux-gnu/9/../../../aarch64-linux-gnu/Scrt1.o] ==> ignore
    arg [/usr/lib/gcc/aarch64-linux-gnu/9/../../../aarch64-linux-gnu/crti.o] ==> ignore
    arg [/usr/lib/gcc/aarch64-linux-gnu/9/crtbeginS.o] ==> ignore
    arg [-L/usr/lib/gcc/aarch64-linux-gnu/9] ==> dir [/usr/lib/gcc/aarch64-linux-gnu/9]
    arg [-L/usr/lib/gcc/aarch64-linux-gnu/9/../../../aarch64-linux-gnu] ==> dir [/usr/lib/gcc/aarch64-linux-gnu/9/../../../aarch64-linux-gnu]
    arg [-L/usr/lib/gcc/aarch64-linux-gnu/9/../../../../lib] ==> dir [/usr/lib/gcc/aarch64-linux-gnu/9/../../../../lib]
    arg [-L/lib/aarch64-linux-gnu] ==> dir [/lib/aarch64-linux-gnu]
    arg [-L/lib/../lib] ==> dir [/lib/../lib]
    arg [-L/usr/lib/aarch64-linux-gnu] ==> dir [/usr/lib/aarch64-linux-gnu]
    arg [-L/usr/lib/../lib] ==> dir [/usr/lib/../lib]
    arg [-L/usr/lib/gcc/aarch64-linux-gnu/9/../../..] ==> dir [/usr/lib/gcc/aarch64-linux-gnu/9/../../..]
    arg [CMakeFiles/cmTC_1cbed.dir/CMakeCXXCompilerABI.cpp.o] ==> ignore
    arg [-lstdc++] ==> lib [stdc++]
    arg [-lm] ==> lib [m]
    arg [-lgcc_s] ==> lib [gcc_s]
    arg [-lgcc] ==> lib [gcc]
    arg [-lc] ==> lib [c]
    arg [-lgcc_s] ==> lib [gcc_s]
    arg [-lgcc] ==> lib [gcc]
    arg [/usr/lib/gcc/aarch64-linux-gnu/9/crtendS.o] ==> ignore
    arg [/usr/lib/gcc/aarch64-linux-gnu/9/../../../aarch64-linux-gnu/crtn.o] ==> ignore
  collapse library dir [/usr/lib/gcc/aarch64-linux-gnu/9] ==> [/usr/lib/gcc/aarch64-linux-gnu/9]
  collapse library dir [/usr/lib/gcc/aarch64-linux-gnu/9/../../../aarch64-linux-gnu] ==> [/usr/lib/aarch64-linux-gnu]
  collapse library dir [/usr/lib/gcc/aarch64-linux-gnu/9/../../../../lib] ==> [/usr/lib]
  collapse library dir [/lib/aarch64-linux-gnu] ==> [/lib/aarch64-linux-gnu]
  collapse library dir [/lib/../lib] ==> [/lib]
  collapse library dir [/usr/lib/aarch64-linux-gnu] ==> [/usr/lib/aarch64-linux-gnu]
  collapse library dir [/usr/lib/../lib] ==> [/usr/lib]
  collapse library dir [/usr/lib/gcc/aarch64-linux-gnu/9/../../..] ==> [/usr/lib]
  implicit libs: [stdc++;m;gcc_s;gcc;c;gcc_s;gcc]
  implicit dirs: [/usr/lib/gcc/aarch64-linux-gnu/9;/usr/lib/aarch64-linux-gnu;/usr/lib;/lib/aarch64-linux-gnu;/lib]
  implicit fwks: []


Determining if the include file pthread.h exists passed with the following output:
Change Dir: /home/unitree/unitree/Odometer_service/build/ceres_catkin/ceres_src-prefix/src/ceres_src-build/CMakeFiles/CMakeTmp

Run Build Command(s):/usr/bin/make cmTC_d10e3/fast && make[3]: Entering directory '/home/unitree/unitree/Odometer_service/build/ceres_catkin/ceres_src-prefix/src/ceres_src-build/CMakeFiles/CMakeTmp'
/usr/bin/make -f CMakeFiles/cmTC_d10e3.dir/build.make CMakeFiles/cmTC_d10e3.dir/build
make[4]: Entering directory '/home/unitree/unitree/Odometer_service/build/ceres_catkin/ceres_src-prefix/src/ceres_src-build/CMakeFiles/CMakeTmp'
Building C object CMakeFiles/cmTC_d10e3.dir/CheckIncludeFile.c.o
/usr/bin/cc    -o CMakeFiles/cmTC_d10e3.dir/CheckIncludeFile.c.o   -c /home/unitree/unitree/Odometer_service/build/ceres_catkin/ceres_src-prefix/src/ceres_src-build/CMakeFiles/CMakeTmp/CheckIncludeFile.c
Linking C executable cmTC_d10e3
/usr/bin/cmake -E cmake_link_script CMakeFiles/cmTC_d10e3.dir/link.txt --verbose=1
/usr/bin/cc      -rdynamic CMakeFiles/cmTC_d10e3.dir/CheckIncludeFile.c.o  -o cmTC_d10e3 
make[4]: Leaving directory '/home/unitree/unitree/Odometer_service/build/ceres_catkin/ceres_src-prefix/src/ceres_src-build/CMakeFiles/CMakeTmp'
make[3]: Leaving directory '/home/unitree/unitree/Odometer_service/build/ceres_catkin/ceres_src-prefix/src/ceres_src-build/CMakeFiles/CMakeTmp'



Determining if the function pthread_create exists in the pthread passed with the following output:
Change Dir: /home/unitree/unitree/Odometer_service/build/ceres_catkin/ceres_src-prefix/src/ceres_src-build/CMakeFiles/CMakeTmp

Run Build Command(s):/usr/bin/make cmTC_b73c2/fast && make[3]: Entering directory '/home/unitree/unitree/Odometer_service/build/ceres_catkin/ceres_src-prefix/src/ceres_src-build/CMakeFiles/CMakeTmp'
/usr/bin/make -f CMakeFiles/cmTC_b73c2.dir/build.make CMakeFiles/cmTC_b73c2.dir/build
make[4]: Entering directory '/home/unitree/unitree/Odometer_service/build/ceres_catkin/ceres_src-prefix/src/ceres_src-build/CMakeFiles/CMakeTmp'
Building C object CMakeFiles/cmTC_b73c2.dir/CheckFunctionExists.c.o
/usr/bin/cc   -DCHECK_FUNCTION_EXISTS=pthread_create   -o CMakeFiles/cmTC_b73c2.dir/CheckFunctionExists.c.o   -c /usr/share/cmake-3.16/Modules/CheckFunctionExists.c
Linking C executable cmTC_b73c2
/usr/bin/cmake -E cmake_link_script CMakeFiles/cmTC_b73c2.dir/link.txt --verbose=1
/usr/bin/cc  -DCHECK_FUNCTION_EXISTS=pthread_create    -rdynamic CMakeFiles/cmTC_b73c2.dir/CheckFunctionExists.c.o  -o cmTC_b73c2  -lpthread 
make[4]: Leaving directory '/home/unitree/unitree/Odometer_service/build/ceres_catkin/ceres_src-prefix/src/ceres_src-build/CMakeFiles/CMakeTmp'
make[3]: Leaving directory '/home/unitree/unitree/Odometer_service/build/ceres_catkin/ceres_src-prefix/src/ceres_src-build/CMakeFiles/CMakeTmp'



Determining if the function sgemm_ exists passed with the following output:
Change Dir: /home/unitree/unitree/Odometer_service/build/ceres_catkin/ceres_src-prefix/src/ceres_src-build/CMakeFiles/CMakeTmp

Run Build Command(s):/usr/bin/make cmTC_fe5c7/fast && make[3]: Entering directory '/home/unitree/unitree/Odometer_service/build/ceres_catkin/ceres_src-prefix/src/ceres_src-build/CMakeFiles/CMakeTmp'
/usr/bin/make -f CMakeFiles/cmTC_fe5c7.dir/build.make CMakeFiles/cmTC_fe5c7.dir/build
make[4]: Entering directory '/home/unitree/unitree/Odometer_service/build/ceres_catkin/ceres_src-prefix/src/ceres_src-build/CMakeFiles/CMakeTmp'
Building C object CMakeFiles/cmTC_fe5c7.dir/CheckFunctionExists.c.o
/usr/bin/cc   -DCHECK_FUNCTION_EXISTS=sgemm_   -o CMakeFiles/cmTC_fe5c7.dir/CheckFunctionExists.c.o   -c /usr/share/cmake-3.16/Modules/CheckFunctionExists.c
Linking C executable cmTC_fe5c7
/usr/bin/cmake -E cmake_link_script CMakeFiles/cmTC_fe5c7.dir/link.txt --verbose=1
/usr/bin/cc  -DCHECK_FUNCTION_EXISTS=sgemm_    -rdynamic CMakeFiles/cmTC_fe5c7.dir/CheckFunctionExists.c.o  -o cmTC_fe5c7  /usr/lib/aarch64-linux-gnu/libopenblas.so 
make[4]: Leaving directory '/home/unitree/unitree/Odometer_service/build/ceres_catkin/ceres_src-prefix/src/ceres_src-build/CMakeFiles/CMakeTmp'
make[3]: Leaving directory '/home/unitree/unitree/Odometer_service/build/ceres_catkin/ceres_src-prefix/src/ceres_src-build/CMakeFiles/CMakeTmp'



Determining if the function cheev_ exists passed with the following output:
Change Dir: /home/unitree/unitree/Odometer_service/build/ceres_catkin/ceres_src-prefix/src/ceres_src-build/CMakeFiles/CMakeTmp

Run Build Command(s):/usr/bin/make cmTC_618b3/fast && make[3]: Entering directory '/home/unitree/unitree/Odometer_service/build/ceres_catkin/ceres_src-prefix/src/ceres_src-build/CMakeFiles/CMakeTmp'
/usr/bin/make -f CMakeFiles/cmTC_618b3.dir/build.make CMakeFiles/cmTC_618b3.dir/build
make[4]: Entering directory '/home/unitree/unitree/Odometer_service/build/ceres_catkin/ceres_src-prefix/src/ceres_src-build/CMakeFiles/CMakeTmp'
Building C object CMakeFiles/cmTC_618b3.dir/CheckFunctionExists.c.o
/usr/bin/cc   -DCHECK_FUNCTION_EXISTS=cheev_   -o CMakeFiles/cmTC_618b3.dir/CheckFunctionExists.c.o   -c /usr/share/cmake-3.16/Modules/CheckFunctionExists.c
Linking C executable cmTC_618b3
/usr/bin/cmake -E cmake_link_script CMakeFiles/cmTC_618b3.dir/link.txt --verbose=1
/usr/bin/cc  -DCHECK_FUNCTION_EXISTS=cheev_    -rdynamic CMakeFiles/cmTC_618b3.dir/CheckFunctionExists.c.o  -o cmTC_618b3  /usr/lib/aarch64-linux-gnu/libopenblas.so 
make[4]: Leaving directory '/home/unitree/unitree/Odometer_service/build/ceres_catkin/ceres_src-prefix/src/ceres_src-build/CMakeFiles/CMakeTmp'
make[3]: Leaving directory '/home/unitree/unitree/Odometer_service/build/ceres_catkin/ceres_src-prefix/src/ceres_src-build/CMakeFiles/CMakeTmp'



Performing C++ SOURCE FILE Test GFLAGS_IN_GOOGLE_NAMESPACE succeeded with the following output:
Change Dir: /home/unitree/unitree/Odometer_service/build/ceres_catkin/ceres_src-prefix/src/ceres_src-build/CMakeFiles/CMakeTmp

Run Build Command(s):/usr/bin/make cmTC_2442d/fast && make[3]: Entering directory '/home/unitree/unitree/Odometer_service/build/ceres_catkin/ceres_src-prefix/src/ceres_src-build/CMakeFiles/CMakeTmp'
/usr/bin/make -f CMakeFiles/cmTC_2442d.dir/build.make CMakeFiles/cmTC_2442d.dir/build
make[4]: Entering directory '/home/unitree/unitree/Odometer_service/build/ceres_catkin/ceres_src-prefix/src/ceres_src-build/CMakeFiles/CMakeTmp'
Building CXX object CMakeFiles/cmTC_2442d.dir/src.cxx.o
/usr/bin/c++   -I/home/unitree/unitree/Odometer_service/devel/include  -fPIC -DGFLAGS_IN_GOOGLE_NAMESPACE   -o CMakeFiles/cmTC_2442d.dir/src.cxx.o -c /home/unitree/unitree/Odometer_service/build/ceres_catkin/ceres_src-prefix/src/ceres_src-build/CMakeFiles/CMakeTmp/src.cxx
Linking CXX executable cmTC_2442d
/usr/bin/cmake -E cmake_link_script CMakeFiles/cmTC_2442d.dir/link.txt --verbose=1
/usr/bin/c++  -fPIC -DGFLAGS_IN_GOOGLE_NAMESPACE    -rdynamic CMakeFiles/cmTC_2442d.dir/src.cxx.o  -o cmTC_2442d  -Wl,-rpath,/home/unitree/unitree/Odometer_service/devel/lib /home/unitree/unitree/Odometer_service/devel/lib/libgflags.so -lpthread 
make[4]: Leaving directory '/home/unitree/unitree/Odometer_service/build/ceres_catkin/ceres_src-prefix/src/ceres_src-build/CMakeFiles/CMakeTmp'
make[3]: Leaving directory '/home/unitree/unitree/Odometer_service/build/ceres_catkin/ceres_src-prefix/src/ceres_src-build/CMakeFiles/CMakeTmp'


Source file was:
#include <gflags/gflags.h>
     int main(int argc, char * argv[]) {
       google::ParseCommandLineFlags(&argc, &argv, true);
       return 0;
     }
Detecting C OpenMP compiler ABI info compiled with the following output:
Change Dir: /home/unitree/unitree/Odometer_service/build/ceres_catkin/ceres_src-prefix/src/ceres_src-build/CMakeFiles/CMakeTmp

Run Build Command(s):/usr/bin/make cmTC_05ea1/fast && make[3]: Entering directory '/home/unitree/unitree/Odometer_service/build/ceres_catkin/ceres_src-prefix/src/ceres_src-build/CMakeFiles/CMakeTmp'
/usr/bin/make -f CMakeFiles/cmTC_05ea1.dir/build.make CMakeFiles/cmTC_05ea1.dir/build
make[4]: Entering directory '/home/unitree/unitree/Odometer_service/build/ceres_catkin/ceres_src-prefix/src/ceres_src-build/CMakeFiles/CMakeTmp'
Building C object CMakeFiles/cmTC_05ea1.dir/OpenMPTryFlag.c.o
/usr/bin/cc   -fopenmp -v   -o CMakeFiles/cmTC_05ea1.dir/OpenMPTryFlag.c.o   -c /home/unitree/unitree/Odometer_service/build/ceres_catkin/ceres_src-prefix/src/ceres_src-build/CMakeFiles/FindOpenMP/OpenMPTryFlag.c
Using built-in specs.
COLLECT_GCC=/usr/bin/cc
Target: aarch64-linux-gnu
Configured with: ../src/configure -v --with-pkgversion='Ubuntu 9.4.0-1ubuntu1~20.04.2' --with-bugurl=file:///usr/share/doc/gcc-9/README.Bugs --enable-languages=c,ada,c++,go,d,fortran,objc,obj-c++,gm2 --prefix=/usr --with-gcc-major-version-only --program-suffix=-9 --program-prefix=aarch64-linux-gnu- --enable-shared --enable-linker-build-id --libexecdir=/usr/lib --without-included-gettext --enable-threads=posix --libdir=/usr/lib --enable-nls --enable-clocale=gnu --enable-libstdcxx-debug --enable-libstdcxx-time=yes --with-default-libstdcxx-abi=new --enable-gnu-unique-object --disable-libquadmath --disable-libquadmath-support --enable-plugin --enable-default-pie --with-system-zlib --with-target-system-zlib=auto --enable-objc-gc=auto --enable-multiarch --enable-fix-cortex-a53-843419 --disable-werror --enable-checking=release --build=aarch64-linux-gnu --host=aarch64-linux-gnu --target=aarch64-linux-gnu
Thread model: posix
gcc version 9.4.0 (Ubuntu 9.4.0-1ubuntu1~20.04.2) 
COLLECT_GCC_OPTIONS='-fopenmp' '-v' '-o' 'CMakeFiles/cmTC_05ea1.dir/OpenMPTryFlag.c.o' '-c' '-mlittle-endian' '-mabi=lp64' '-pthread'
 /usr/lib/gcc/aarch64-linux-gnu/9/cc1 -quiet -v -imultiarch aarch64-linux-gnu -D_REENTRANT /home/unitree/unitree/Odometer_service/build/ceres_catkin/ceres_src-prefix/src/ceres_src-build/CMakeFiles/FindOpenMP/OpenMPTryFlag.c -quiet -dumpbase OpenMPTryFlag.c -mlittle-endian -mabi=lp64 -auxbase-strip CMakeFiles/cmTC_05ea1.dir/OpenMPTryFlag.c.o -version -fopenmp -fasynchronous-unwind-tables -fstack-protector-strong -Wformat -Wformat-security -fstack-clash-protection -o /tmp/cc5txhm5.s
GNU C17 (Ubuntu 9.4.0-1ubuntu1~20.04.2) version 9.4.0 (aarch64-linux-gnu)
	compiled by GNU C version 9.4.0, GMP version 6.2.0, MPFR version 4.0.2, MPC version 1.1.0, isl version isl-0.22.1-GMP

GGC heuristics: --param ggc-min-expand=100 --param ggc-min-heapsize=131072
ignoring nonexistent directory "/usr/local/include/aarch64-linux-gnu"
ignoring nonexistent directory "/usr/lib/gcc/aarch64-linux-gnu/9/include-fixed"
ignoring nonexistent directory "/usr/lib/gcc/aarch64-linux-gnu/9/../../../../aarch64-linux-gnu/include"
#include "..." search starts here:
#include <...> search starts here:
 /usr/lib/gcc/aarch64-linux-gnu/9/include
 /usr/local/include
 /usr/include/aarch64-linux-gnu
 /usr/include
End of search list.
GNU C17 (Ubuntu 9.4.0-1ubuntu1~20.04.2) version 9.4.0 (aarch64-linux-gnu)
	compiled by GNU C version 9.4.0, GMP version 6.2.0, MPFR version 4.0.2, MPC version 1.1.0, isl version isl-0.22.1-GMP

GGC heuristics: --param ggc-min-expand=100 --param ggc-min-heapsize=131072
Compiler executable checksum: bae83efe2e4e7b8eac1a6149e340cc5c
COLLECT_GCC_OPTIONS='-fopenmp' '-v' '-o' 'CMakeFiles/cmTC_05ea1.dir/OpenMPTryFlag.c.o' '-c' '-mlittle-endian' '-mabi=lp64' '-pthread'
 as -v -EL -mabi=lp64 -o CMakeFiles/cmTC_05ea1.dir/OpenMPTryFlag.c.o /tmp/cc5txhm5.s
GNU assembler version 2.34 (aarch64-linux-gnu) using BFD version (GNU Binutils for Ubuntu) 2.34
COMPILER_PATH=/usr/lib/gcc/aarch64-linux-gnu/9/:/usr/lib/gcc/aarch64-linux-gnu/9/:/usr/lib/gcc/aarch64-linux-gnu/:/usr/lib/gcc/aarch64-linux-gnu/9/:/usr/lib/gcc/aarch64-linux-gnu/
LIBRARY_PATH=/usr/lib/gcc/aarch64-linux-gnu/9/:/usr/lib/gcc/aarch64-linux-gnu/9/../../../aarch64-linux-gnu/:/usr/lib/gcc/aarch64-linux-gnu/9/../../../../lib/:/lib/aarch64-linux-gnu/:/lib/../lib/:/usr/lib/aarch64-linux-gnu/:/usr/lib/../lib/:/usr/lib/gcc/aarch64-linux-gnu/9/../../../:/lib/:/usr/lib/
COLLECT_GCC_OPTIONS='-fopenmp' '-v' '-o' 'CMakeFiles/cmTC_05ea1.dir/OpenMPTryFlag.c.o' '-c' '-mlittle-endian' '-mabi=lp64' '-pthread'
Linking C executable cmTC_05ea1
/usr/bin/cmake -E cmake_link_script CMakeFiles/cmTC_05ea1.dir/link.txt --verbose=1
/usr/bin/cc  -fopenmp -v    -rdynamic CMakeFiles/cmTC_05ea1.dir/OpenMPTryFlag.c.o  -o cmTC_05ea1  -v 
Using built-in specs.
COLLECT_GCC=/usr/bin/cc
COLLECT_LTO_WRAPPER=/usr/lib/gcc/aarch64-linux-gnu/9/lto-wrapper
Target: aarch64-linux-gnu
Configured with: ../src/configure -v --with-pkgversion='Ubuntu 9.4.0-1ubuntu1~20.04.2' --with-bugurl=file:///usr/share/doc/gcc-9/README.Bugs --enable-languages=c,ada,c++,go,d,fortran,objc,obj-c++,gm2 --prefix=/usr --with-gcc-major-version-only --program-suffix=-9 --program-prefix=aarch64-linux-gnu- --enable-shared --enable-linker-build-id --libexecdir=/usr/lib --without-included-gettext --enable-threads=posix --libdir=/usr/lib --enable-nls --enable-clocale=gnu --enable-libstdcxx-debug --enable-libstdcxx-time=yes --with-default-libstdcxx-abi=new --enable-gnu-unique-object --disable-libquadmath --disable-libquadmath-support --enable-plugin --enable-default-pie --with-system-zlib --with-target-system-zlib=auto --enable-objc-gc=auto --enable-multiarch --enable-fix-cortex-a53-843419 --disable-werror --enable-checking=release --build=aarch64-linux-gnu --host=aarch64-linux-gnu --target=aarch64-linux-gnu
Thread model: posix
gcc version 9.4.0 (Ubuntu 9.4.0-1ubuntu1~20.04.2) 
COMPILER_PATH=/usr/lib/gcc/aarch64-linux-gnu/9/:/usr/lib/gcc/aarch64-linux-gnu/9/:/usr/lib/gcc/aarch64-linux-gnu/:/usr/lib/gcc/aarch64-linux-gnu/9/:/usr/lib/gcc/aarch64-linux-gnu/
LIBRARY_PATH=/usr/lib/gcc/aarch64-linux-gnu/9/:/usr/lib/gcc/aarch64-linux-gnu/9/../../../aarch64-linux-gnu/:/usr/lib/gcc/aarch64-linux-gnu/9/../../../../lib/:/lib/aarch64-linux-gnu/:/lib/../lib/:/usr/lib/aarch64-linux-gnu/:/usr/lib/../lib/:/usr/lib/gcc/aarch64-linux-gnu/9/../../../:/lib/:/usr/lib/
Reading specs from /usr/lib/gcc/aarch64-linux-gnu/9/libgomp.spec
COLLECT_GCC_OPTIONS='-fopenmp' '-v' '-rdynamic' '-o' 'cmTC_05ea1' '-v' '-mlittle-endian' '-mabi=lp64' '-pthread'
 /usr/lib/gcc/aarch64-linux-gnu/9/collect2 -plugin /usr/lib/gcc/aarch64-linux-gnu/9/liblto_plugin.so -plugin-opt=/usr/lib/gcc/aarch64-linux-gnu/9/lto-wrapper -plugin-opt=-fresolution=/tmp/ccHZ7RXB.res -plugin-opt=-pass-through=-lgcc -plugin-opt=-pass-through=-lgcc_s -plugin-opt=-pass-through=-lpthread -plugin-opt=-pass-through=-lc -plugin-opt=-pass-through=-lgcc -plugin-opt=-pass-through=-lgcc_s --build-id --eh-frame-hdr --hash-style=gnu --as-needed -export-dynamic -dynamic-linker /lib/ld-linux-aarch64.so.1 -X -EL -maarch64linux --fix-cortex-a53-843419 -pie -z now -z relro -o cmTC_05ea1 /usr/lib/gcc/aarch64-linux-gnu/9/../../../aarch64-linux-gnu/Scrt1.o /usr/lib/gcc/aarch64-linux-gnu/9/../../../aarch64-linux-gnu/crti.o /usr/lib/gcc/aarch64-linux-gnu/9/crtbeginS.o -L/usr/lib/gcc/aarch64-linux-gnu/9 -L/usr/lib/gcc/aarch64-linux-gnu/9/../../../aarch64-linux-gnu -L/usr/lib/gcc/aarch64-linux-gnu/9/../../../../lib -L/lib/aarch64-linux-gnu -L/lib/../lib -L/usr/lib/aarch64-linux-gnu -L/usr/lib/../lib -L/usr/lib/gcc/aarch64-linux-gnu/9/../../.. CMakeFiles/cmTC_05ea1.dir/OpenMPTryFlag.c.o -lgomp -lgcc --push-state --as-needed -lgcc_s --pop-state -lpthread -lc -lgcc --push-state --as-needed -lgcc_s --pop-state /usr/lib/gcc/aarch64-linux-gnu/9/crtendS.o /usr/lib/gcc/aarch64-linux-gnu/9/../../../aarch64-linux-gnu/crtn.o
COLLECT_GCC_OPTIONS='-fopenmp' '-v' '-rdynamic' '-o' 'cmTC_05ea1' '-v' '-mlittle-endian' '-mabi=lp64' '-pthread'
make[4]: Leaving directory '/home/unitree/unitree/Odometer_service/build/ceres_catkin/ceres_src-prefix/src/ceres_src-build/CMakeFiles/CMakeTmp'
make[3]: Leaving directory '/home/unitree/unitree/Odometer_service/build/ceres_catkin/ceres_src-prefix/src/ceres_src-build/CMakeFiles/CMakeTmp'



Parsed C OpenMP implicit link information from above output:
  link line regex: [^( *|.*[/\])(ld|CMAKE_LINK_STARTFILE-NOTFOUND|([^/\]+-)?ld|collect2)[^/\]*( |$)]
  ignore line: [Change Dir: /home/unitree/unitree/Odometer_service/build/ceres_catkin/ceres_src-prefix/src/ceres_src-build/CMakeFiles/CMakeTmp]
  ignore line: []
  ignore line: [Run Build Command(s):/usr/bin/make cmTC_05ea1/fast && make[3]: Entering directory '/home/unitree/unitree/Odometer_service/build/ceres_catkin/ceres_src-prefix/src/ceres_src-build/CMakeFiles/CMakeTmp']
  ignore line: [/usr/bin/make -f CMakeFiles/cmTC_05ea1.dir/build.make CMakeFiles/cmTC_05ea1.dir/build]
  ignore line: [make[4]: Entering directory '/home/unitree/unitree/Odometer_service/build/ceres_catkin/ceres_src-prefix/src/ceres_src-build/CMakeFiles/CMakeTmp']
  ignore line: [Building C object CMakeFiles/cmTC_05ea1.dir/OpenMPTryFlag.c.o]
  ignore line: [/usr/bin/cc   -fopenmp -v   -o CMakeFiles/cmTC_05ea1.dir/OpenMPTryFlag.c.o   -c /home/unitree/unitree/Odometer_service/build/ceres_catkin/ceres_src-prefix/src/ceres_src-build/CMakeFiles/FindOpenMP/OpenMPTryFlag.c]
  ignore line: [Using built-in specs.]
  ignore line: [COLLECT_GCC=/usr/bin/cc]
  ignore line: [Target: aarch64-linux-gnu]
  ignore line: [Configured with: ../src/configure -v --with-pkgversion='Ubuntu 9.4.0-1ubuntu1~20.04.2' --with-bugurl=file:///usr/share/doc/gcc-9/README.Bugs --enable-languages=c ada c++ go d fortran objc obj-c++ gm2 --prefix=/usr --with-gcc-major-version-only --program-suffix=-9 --program-prefix=aarch64-linux-gnu- --enable-shared --enable-linker-build-id --libexecdir=/usr/lib --without-included-gettext --enable-threads=posix --libdir=/usr/lib --enable-nls --enable-clocale=gnu --enable-libstdcxx-debug --enable-libstdcxx-time=yes --with-default-libstdcxx-abi=new --enable-gnu-unique-object --disable-libquadmath --disable-libquadmath-support --enable-plugin --enable-default-pie --with-system-zlib --with-target-system-zlib=auto --enable-objc-gc=auto --enable-multiarch --enable-fix-cortex-a53-843419 --disable-werror --enable-checking=release --build=aarch64-linux-gnu --host=aarch64-linux-gnu --target=aarch64-linux-gnu]
  ignore line: [Thread model: posix]
  ignore line: [gcc version 9.4.0 (Ubuntu 9.4.0-1ubuntu1~20.04.2) ]
  ignore line: [COLLECT_GCC_OPTIONS='-fopenmp' '-v' '-o' 'CMakeFiles/cmTC_05ea1.dir/OpenMPTryFlag.c.o' '-c' '-mlittle-endian' '-mabi=lp64' '-pthread']
  ignore line: [ /usr/lib/gcc/aarch64-linux-gnu/9/cc1 -quiet -v -imultiarch aarch64-linux-gnu -D_REENTRANT /home/unitree/unitree/Odometer_service/build/ceres_catkin/ceres_src-prefix/src/ceres_src-build/CMakeFiles/FindOpenMP/OpenMPTryFlag.c -quiet -dumpbase OpenMPTryFlag.c -mlittle-endian -mabi=lp64 -auxbase-strip CMakeFiles/cmTC_05ea1.dir/OpenMPTryFlag.c.o -version -fopenmp -fasynchronous-unwind-tables -fstack-protector-strong -Wformat -Wformat-security -fstack-clash-protection -o /tmp/cc5txhm5.s]
  ignore line: [GNU C17 (Ubuntu 9.4.0-1ubuntu1~20.04.2) version 9.4.0 (aarch64-linux-gnu)]
  ignore line: [	compiled by GNU C version 9.4.0  GMP version 6.2.0  MPFR version 4.0.2  MPC version 1.1.0  isl version isl-0.22.1-GMP]
  ignore line: []
  ignore line: [GGC heuristics: --param ggc-min-expand=100 --param ggc-min-heapsize=131072]
  ignore line: [ignoring nonexistent directory "/usr/local/include/aarch64-linux-gnu"]
  ignore line: [ignoring nonexistent directory "/usr/lib/gcc/aarch64-linux-gnu/9/include-fixed"]
  ignore line: [ignoring nonexistent directory "/usr/lib/gcc/aarch64-linux-gnu/9/../../../../aarch64-linux-gnu/include"]
  ignore line: [#include "..." search starts here:]
  ignore line: [#include <...> search starts here:]
  ignore line: [ /usr/lib/gcc/aarch64-linux-gnu/9/include]
  ignore line: [ /usr/local/include]
  ignore line: [ /usr/include/aarch64-linux-gnu]
  ignore line: [ /usr/include]
  ignore line: [End of search list.]
  ignore line: [GNU C17 (Ubuntu 9.4.0-1ubuntu1~20.04.2) version 9.4.0 (aarch64-linux-gnu)]
  ignore line: [	compiled by GNU C version 9.4.0  GMP version 6.2.0  MPFR version 4.0.2  MPC version 1.1.0  isl version isl-0.22.1-GMP]
  ignore line: []
  ignore line: [GGC heuristics: --param ggc-min-expand=100 --param ggc-min-heapsize=131072]
  ignore line: [Compiler executable checksum: bae83efe2e4e7b8eac1a6149e340cc5c]
  ignore line: [COLLECT_GCC_OPTIONS='-fopenmp' '-v' '-o' 'CMakeFiles/cmTC_05ea1.dir/OpenMPTryFlag.c.o' '-c' '-mlittle-endian' '-mabi=lp64' '-pthread']
  ignore line: [ as -v -EL -mabi=lp64 -o CMakeFiles/cmTC_05ea1.dir/OpenMPTryFlag.c.o /tmp/cc5txhm5.s]
  ignore line: [GNU assembler version 2.34 (aarch64-linux-gnu) using BFD version (GNU Binutils for Ubuntu) 2.34]
  ignore line: [COMPILER_PATH=/usr/lib/gcc/aarch64-linux-gnu/9/:/usr/lib/gcc/aarch64-linux-gnu/9/:/usr/lib/gcc/aarch64-linux-gnu/:/usr/lib/gcc/aarch64-linux-gnu/9/:/usr/lib/gcc/aarch64-linux-gnu/]
  ignore line: [LIBRARY_PATH=/usr/lib/gcc/aarch64-linux-gnu/9/:/usr/lib/gcc/aarch64-linux-gnu/9/../../../aarch64-linux-gnu/:/usr/lib/gcc/aarch64-linux-gnu/9/../../../../lib/:/lib/aarch64-linux-gnu/:/lib/../lib/:/usr/lib/aarch64-linux-gnu/:/usr/lib/../lib/:/usr/lib/gcc/aarch64-linux-gnu/9/../../../:/lib/:/usr/lib/]
  ignore line: [COLLECT_GCC_OPTIONS='-fopenmp' '-v' '-o' 'CMakeFiles/cmTC_05ea1.dir/OpenMPTryFlag.c.o' '-c' '-mlittle-endian' '-mabi=lp64' '-pthread']
  ignore line: [Linking C executable cmTC_05ea1]
  ignore line: [/usr/bin/cmake -E cmake_link_script CMakeFiles/cmTC_05ea1.dir/link.txt --verbose=1]
  ignore line: [/usr/bin/cc  -fopenmp -v    -rdynamic CMakeFiles/cmTC_05ea1.dir/OpenMPTryFlag.c.o  -o cmTC_05ea1  -v ]
  ignore line: [Using built-in specs.]
  ignore line: [COLLECT_GCC=/usr/bin/cc]
  ignore line: [COLLECT_LTO_WRAPPER=/usr/lib/gcc/aarch64-linux-gnu/9/lto-wrapper]
  ignore line: [Target: aarch64-linux-gnu]
  ignore line: [Configured with: ../src/configure -v --with-pkgversion='Ubuntu 9.4.0-1ubuntu1~20.04.2' --with-bugurl=file:///usr/share/doc/gcc-9/README.Bugs --enable-languages=c ada c++ go d fortran objc obj-c++ gm2 --prefix=/usr --with-gcc-major-version-only --program-suffix=-9 --program-prefix=aarch64-linux-gnu- --enable-shared --enable-linker-build-id --libexecdir=/usr/lib --without-included-gettext --enable-threads=posix --libdir=/usr/lib --enable-nls --enable-clocale=gnu --enable-libstdcxx-debug --enable-libstdcxx-time=yes --with-default-libstdcxx-abi=new --enable-gnu-unique-object --disable-libquadmath --disable-libquadmath-support --enable-plugin --enable-default-pie --with-system-zlib --with-target-system-zlib=auto --enable-objc-gc=auto --enable-multiarch --enable-fix-cortex-a53-843419 --disable-werror --enable-checking=release --build=aarch64-linux-gnu --host=aarch64-linux-gnu --target=aarch64-linux-gnu]
  ignore line: [Thread model: posix]
  ignore line: [gcc version 9.4.0 (Ubuntu 9.4.0-1ubuntu1~20.04.2) ]
  ignore line: [COMPILER_PATH=/usr/lib/gcc/aarch64-linux-gnu/9/:/usr/lib/gcc/aarch64-linux-gnu/9/:/usr/lib/gcc/aarch64-linux-gnu/:/usr/lib/gcc/aarch64-linux-gnu/9/:/usr/lib/gcc/aarch64-linux-gnu/]
  ignore line: [LIBRARY_PATH=/usr/lib/gcc/aarch64-linux-gnu/9/:/usr/lib/gcc/aarch64-linux-gnu/9/../../../aarch64-linux-gnu/:/usr/lib/gcc/aarch64-linux-gnu/9/../../../../lib/:/lib/aarch64-linux-gnu/:/lib/../lib/:/usr/lib/aarch64-linux-gnu/:/usr/lib/../lib/:/usr/lib/gcc/aarch64-linux-gnu/9/../../../:/lib/:/usr/lib/]
  ignore line: [Reading specs from /usr/lib/gcc/aarch64-linux-gnu/9/libgomp.spec]
  ignore line: [COLLECT_GCC_OPTIONS='-fopenmp' '-v' '-rdynamic' '-o' 'cmTC_05ea1' '-v' '-mlittle-endian' '-mabi=lp64' '-pthread']
  link line: [ /usr/lib/gcc/aarch64-linux-gnu/9/collect2 -plugin /usr/lib/gcc/aarch64-linux-gnu/9/liblto_plugin.so -plugin-opt=/usr/lib/gcc/aarch64-linux-gnu/9/lto-wrapper -plugin-opt=-fresolution=/tmp/ccHZ7RXB.res -plugin-opt=-pass-through=-lgcc -plugin-opt=-pass-through=-lgcc_s -plugin-opt=-pass-through=-lpthread -plugin-opt=-pass-through=-lc -plugin-opt=-pass-through=-lgcc -plugin-opt=-pass-through=-lgcc_s --build-id --eh-frame-hdr --hash-style=gnu --as-needed -export-dynamic -dynamic-linker /lib/ld-linux-aarch64.so.1 -X -EL -maarch64linux --fix-cortex-a53-843419 -pie -z now -z relro -o cmTC_05ea1 /usr/lib/gcc/aarch64-linux-gnu/9/../../../aarch64-linux-gnu/Scrt1.o /usr/lib/gcc/aarch64-linux-gnu/9/../../../aarch64-linux-gnu/crti.o /usr/lib/gcc/aarch64-linux-gnu/9/crtbeginS.o -L/usr/lib/gcc/aarch64-linux-gnu/9 -L/usr/lib/gcc/aarch64-linux-gnu/9/../../../aarch64-linux-gnu -L/usr/lib/gcc/aarch64-linux-gnu/9/../../../../lib -L/lib/aarch64-linux-gnu -L/lib/../lib -L/usr/lib/aarch64-linux-gnu -L/usr/lib/../lib -L/usr/lib/gcc/aarch64-linux-gnu/9/../../.. CMakeFiles/cmTC_05ea1.dir/OpenMPTryFlag.c.o -lgomp -lgcc --push-state --as-needed -lgcc_s --pop-state -lpthread -lc -lgcc --push-state --as-needed -lgcc_s --pop-state /usr/lib/gcc/aarch64-linux-gnu/9/crtendS.o /usr/lib/gcc/aarch64-linux-gnu/9/../../../aarch64-linux-gnu/crtn.o]
    arg [/usr/lib/gcc/aarch64-linux-gnu/9/collect2] ==> ignore
    arg [-plugin] ==> ignore
    arg [/usr/lib/gcc/aarch64-linux-gnu/9/liblto_plugin.so] ==> ignore
    arg [-plugin-opt=/usr/lib/gcc/aarch64-linux-gnu/9/lto-wrapper] ==> ignore
    arg [-plugin-opt=-fresolution=/tmp/ccHZ7RXB.res] ==> ignore
    arg [-plugin-opt=-pass-through=-lgcc] ==> ignore
    arg [-plugin-opt=-pass-through=-lgcc_s] ==> ignore
    arg [-plugin-opt=-pass-through=-lpthread] ==> ignore
    arg [-plugin-opt=-pass-through=-lc] ==> ignore
    arg [-plugin-opt=-pass-through=-lgcc] ==> ignore
    arg [-plugin-opt=-pass-through=-lgcc_s] ==> ignore
    arg [--build-id] ==> ignore
    arg [--eh-frame-hdr] ==> ignore
    arg [--hash-style=gnu] ==> ignore
    arg [--as-needed] ==> ignore
    arg [-export-dynamic] ==> ignore
    arg [-dynamic-linker] ==> ignore
    arg [/lib/ld-linux-aarch64.so.1] ==> ignore
    arg [-X] ==> ignore
    arg [-EL] ==> ignore
    arg [-maarch64linux] ==> ignore
    arg [--fix-cortex-a53-843419] ==> ignore
    arg [-pie] ==> ignore
    arg [-znow] ==> ignore
    arg [-zrelro] ==> ignore
    arg [-o] ==> ignore
    arg [cmTC_05ea1] ==> ignore
    arg [/usr/lib/gcc/aarch64-linux-gnu/9/../../../aarch64-linux-gnu/Scrt1.o] ==> ignore
    arg [/usr/lib/gcc/aarch64-linux-gnu/9/../../../aarch64-linux-gnu/crti.o] ==> ignore
    arg [/usr/lib/gcc/aarch64-linux-gnu/9/crtbeginS.o] ==> ignore
    arg [-L/usr/lib/gcc/aarch64-linux-gnu/9] ==> dir [/usr/lib/gcc/aarch64-linux-gnu/9]
    arg [-L/usr/lib/gcc/aarch64-linux-gnu/9/../../../aarch64-linux-gnu] ==> dir [/usr/lib/gcc/aarch64-linux-gnu/9/../../../aarch64-linux-gnu]
    arg [-L/usr/lib/gcc/aarch64-linux-gnu/9/../../../../lib] ==> dir [/usr/lib/gcc/aarch64-linux-gnu/9/../../../../lib]
    arg [-L/lib/aarch64-linux-gnu] ==> dir [/lib/aarch64-linux-gnu]
    arg [-L/lib/../lib] ==> dir [/lib/../lib]
    arg [-L/usr/lib/aarch64-linux-gnu] ==> dir [/usr/lib/aarch64-linux-gnu]
    arg [-L/usr/lib/../lib] ==> dir [/usr/lib/../lib]
    arg [-L/usr/lib/gcc/aarch64-linux-gnu/9/../../..] ==> dir [/usr/lib/gcc/aarch64-linux-gnu/9/../../..]
    arg [CMakeFiles/cmTC_05ea1.dir/OpenMPTryFlag.c.o] ==> ignore
    arg [-lgomp] ==> lib [gomp]
    arg [-lgcc] ==> lib [gcc]
    arg [--push-state] ==> ignore
    arg [--as-needed] ==> ignore
    arg [-lgcc_s] ==> lib [gcc_s]
    arg [--pop-state] ==> ignore
    arg [-lpthread] ==> lib [pthread]
    arg [-lc] ==> lib [c]
    arg [-lgcc] ==> lib [gcc]
    arg [--push-state] ==> ignore
    arg [--as-needed] ==> ignore
    arg [-lgcc_s] ==> lib [gcc_s]
    arg [--pop-state] ==> ignore
    arg [/usr/lib/gcc/aarch64-linux-gnu/9/crtendS.o] ==> ignore
    arg [/usr/lib/gcc/aarch64-linux-gnu/9/../../../aarch64-linux-gnu/crtn.o] ==> ignore
  collapse library dir [/usr/lib/gcc/aarch64-linux-gnu/9] ==> [/usr/lib/gcc/aarch64-linux-gnu/9]
  collapse library dir [/usr/lib/gcc/aarch64-linux-gnu/9/../../../aarch64-linux-gnu] ==> [/usr/lib/aarch64-linux-gnu]
  collapse library dir [/usr/lib/gcc/aarch64-linux-gnu/9/../../../../lib] ==> [/usr/lib]
  collapse library dir [/lib/aarch64-linux-gnu] ==> [/lib/aarch64-linux-gnu]
  collapse library dir [/lib/../lib] ==> [/lib]
  collapse library dir [/usr/lib/aarch64-linux-gnu] ==> [/usr/lib/aarch64-linux-gnu]
  collapse library dir [/usr/lib/../lib] ==> [/usr/lib]
  collapse library dir [/usr/lib/gcc/aarch64-linux-gnu/9/../../..] ==> [/usr/lib]
  implicit libs: [gomp;gcc;gcc_s;pthread;c;gcc;gcc_s]
  implicit dirs: [/usr/lib/gcc/aarch64-linux-gnu/9;/usr/lib/aarch64-linux-gnu;/usr/lib;/lib/aarch64-linux-gnu;/lib]
  implicit fwks: []


Detecting CXX OpenMP compiler ABI info compiled with the following output:
Change Dir: /home/unitree/unitree/Odometer_service/build/ceres_catkin/ceres_src-prefix/src/ceres_src-build/CMakeFiles/CMakeTmp

Run Build Command(s):/usr/bin/make cmTC_81cf8/fast && make[3]: Entering directory '/home/unitree/unitree/Odometer_service/build/ceres_catkin/ceres_src-prefix/src/ceres_src-build/CMakeFiles/CMakeTmp'
/usr/bin/make -f CMakeFiles/cmTC_81cf8.dir/build.make CMakeFiles/cmTC_81cf8.dir/build
make[4]: Entering directory '/home/unitree/unitree/Odometer_service/build/ceres_catkin/ceres_src-prefix/src/ceres_src-build/CMakeFiles/CMakeTmp'
Building CXX object CMakeFiles/cmTC_81cf8.dir/OpenMPTryFlag.cpp.o
/usr/bin/c++    -fPIC -fopenmp -v   -o CMakeFiles/cmTC_81cf8.dir/OpenMPTryFlag.cpp.o -c /home/unitree/unitree/Odometer_service/build/ceres_catkin/ceres_src-prefix/src/ceres_src-build/CMakeFiles/FindOpenMP/OpenMPTryFlag.cpp
Using built-in specs.
COLLECT_GCC=/usr/bin/c++
Target: aarch64-linux-gnu
Configured with: ../src/configure -v --with-pkgversion='Ubuntu 9.4.0-1ubuntu1~20.04.2' --with-bugurl=file:///usr/share/doc/gcc-9/README.Bugs --enable-languages=c,ada,c++,go,d,fortran,objc,obj-c++,gm2 --prefix=/usr --with-gcc-major-version-only --program-suffix=-9 --program-prefix=aarch64-linux-gnu- --enable-shared --enable-linker-build-id --libexecdir=/usr/lib --without-included-gettext --enable-threads=posix --libdir=/usr/lib --enable-nls --enable-clocale=gnu --enable-libstdcxx-debug --enable-libstdcxx-time=yes --with-default-libstdcxx-abi=new --enable-gnu-unique-object --disable-libquadmath --disable-libquadmath-support --enable-plugin --enable-default-pie --with-system-zlib --with-target-system-zlib=auto --enable-objc-gc=auto --enable-multiarch --enable-fix-cortex-a53-843419 --disable-werror --enable-checking=release --build=aarch64-linux-gnu --host=aarch64-linux-gnu --target=aarch64-linux-gnu
Thread model: posix
gcc version 9.4.0 (Ubuntu 9.4.0-1ubuntu1~20.04.2) 
COLLECT_GCC_OPTIONS='-fPIC' '-fopenmp' '-v' '-o' 'CMakeFiles/cmTC_81cf8.dir/OpenMPTryFlag.cpp.o' '-c' '-shared-libgcc' '-mlittle-endian' '-mabi=lp64' '-pthread'
 /usr/lib/gcc/aarch64-linux-gnu/9/cc1plus -quiet -v -imultiarch aarch64-linux-gnu -D_GNU_SOURCE -D_REENTRANT /home/unitree/unitree/Odometer_service/build/ceres_catkin/ceres_src-prefix/src/ceres_src-build/CMakeFiles/FindOpenMP/OpenMPTryFlag.cpp -quiet -dumpbase OpenMPTryFlag.cpp -mlittle-endian -mabi=lp64 -auxbase-strip CMakeFiles/cmTC_81cf8.dir/OpenMPTryFlag.cpp.o -version -fPIC -fopenmp -fasynchronous-unwind-tables -fstack-protector-strong -Wformat -Wformat-security -fstack-clash-protection -o /tmp/ccLtP6V5.s
GNU C++14 (Ubuntu 9.4.0-1ubuntu1~20.04.2) version 9.4.0 (aarch64-linux-gnu)
	compiled by GNU C version 9.4.0, GMP version 6.2.0, MPFR version 4.0.2, MPC version 1.1.0, isl version isl-0.22.1-GMP

GGC heuristics: --param ggc-min-expand=100 --param ggc-min-heapsize=131072
ignoring duplicate directory "/usr/include/aarch64-linux-gnu/c++/9"
ignoring nonexistent directory "/usr/local/include/aarch64-linux-gnu"
ignoring nonexistent directory "/usr/lib/gcc/aarch64-linux-gnu/9/include-fixed"
ignoring nonexistent directory "/usr/lib/gcc/aarch64-linux-gnu/9/../../../../aarch64-linux-gnu/include"
#include "..." search starts here:
#include <...> search starts here:
 /usr/include/c++/9
 /usr/include/aarch64-linux-gnu/c++/9
 /usr/include/c++/9/backward
 /usr/lib/gcc/aarch64-linux-gnu/9/include
 /usr/local/include
 /usr/include/aarch64-linux-gnu
 /usr/include
End of search list.
GNU C++14 (Ubuntu 9.4.0-1ubuntu1~20.04.2) version 9.4.0 (aarch64-linux-gnu)
	compiled by GNU C version 9.4.0, GMP version 6.2.0, MPFR version 4.0.2, MPC version 1.1.0, isl version isl-0.22.1-GMP

GGC heuristics: --param ggc-min-expand=100 --param ggc-min-heapsize=131072
Compiler executable checksum: 76f300a9566415b293c4e87b0a05621d
COLLECT_GCC_OPTIONS='-fPIC' '-fopenmp' '-v' '-o' 'CMakeFiles/cmTC_81cf8.dir/OpenMPTryFlag.cpp.o' '-c' '-shared-libgcc' '-mlittle-endian' '-mabi=lp64' '-pthread'
 as -v -EL -mabi=lp64 -o CMakeFiles/cmTC_81cf8.dir/OpenMPTryFlag.cpp.o /tmp/ccLtP6V5.s
GNU assembler version 2.34 (aarch64-linux-gnu) using BFD version (GNU Binutils for Ubuntu) 2.34
COMPILER_PATH=/usr/lib/gcc/aarch64-linux-gnu/9/:/usr/lib/gcc/aarch64-linux-gnu/9/:/usr/lib/gcc/aarch64-linux-gnu/:/usr/lib/gcc/aarch64-linux-gnu/9/:/usr/lib/gcc/aarch64-linux-gnu/
LIBRARY_PATH=/usr/lib/gcc/aarch64-linux-gnu/9/:/usr/lib/gcc/aarch64-linux-gnu/9/../../../aarch64-linux-gnu/:/usr/lib/gcc/aarch64-linux-gnu/9/../../../../lib/:/lib/aarch64-linux-gnu/:/lib/../lib/:/usr/lib/aarch64-linux-gnu/:/usr/lib/../lib/:/usr/lib/gcc/aarch64-linux-gnu/9/../../../:/lib/:/usr/lib/
COLLECT_GCC_OPTIONS='-fPIC' '-fopenmp' '-v' '-o' 'CMakeFiles/cmTC_81cf8.dir/OpenMPTryFlag.cpp.o' '-c' '-shared-libgcc' '-mlittle-endian' '-mabi=lp64' '-pthread'
Linking CXX executable cmTC_81cf8
/usr/bin/cmake -E cmake_link_script CMakeFiles/cmTC_81cf8.dir/link.txt --verbose=1
/usr/bin/c++  -fPIC -fopenmp -v    -rdynamic CMakeFiles/cmTC_81cf8.dir/OpenMPTryFlag.cpp.o  -o cmTC_81cf8  -v 
Using built-in specs.
COLLECT_GCC=/usr/bin/c++
COLLECT_LTO_WRAPPER=/usr/lib/gcc/aarch64-linux-gnu/9/lto-wrapper
Target: aarch64-linux-gnu
Configured with: ../src/configure -v --with-pkgversion='Ubuntu 9.4.0-1ubuntu1~20.04.2' --with-bugurl=file:///usr/share/doc/gcc-9/README.Bugs --enable-languages=c,ada,c++,go,d,fortran,objc,obj-c++,gm2 --prefix=/usr --with-gcc-major-version-only --program-suffix=-9 --program-prefix=aarch64-linux-gnu- --enable-shared --enable-linker-build-id --libexecdir=/usr/lib --without-included-gettext --enable-threads=posix --libdir=/usr/lib --enable-nls --enable-clocale=gnu --enable-libstdcxx-debug --enable-libstdcxx-time=yes --with-default-libstdcxx-abi=new --enable-gnu-unique-object --disable-libquadmath --disable-libquadmath-support --enable-plugin --enable-default-pie --with-system-zlib --with-target-system-zlib=auto --enable-objc-gc=auto --enable-multiarch --enable-fix-cortex-a53-843419 --disable-werror --enable-checking=release --build=aarch64-linux-gnu --host=aarch64-linux-gnu --target=aarch64-linux-gnu
Thread model: posix
gcc version 9.4.0 (Ubuntu 9.4.0-1ubuntu1~20.04.2) 
COMPILER_PATH=/usr/lib/gcc/aarch64-linux-gnu/9/:/usr/lib/gcc/aarch64-linux-gnu/9/:/usr/lib/gcc/aarch64-linux-gnu/:/usr/lib/gcc/aarch64-linux-gnu/9/:/usr/lib/gcc/aarch64-linux-gnu/
LIBRARY_PATH=/usr/lib/gcc/aarch64-linux-gnu/9/:/usr/lib/gcc/aarch64-linux-gnu/9/../../../aarch64-linux-gnu/:/usr/lib/gcc/aarch64-linux-gnu/9/../../../../lib/:/lib/aarch64-linux-gnu/:/lib/../lib/:/usr/lib/aarch64-linux-gnu/:/usr/lib/../lib/:/usr/lib/gcc/aarch64-linux-gnu/9/../../../:/lib/:/usr/lib/
Reading specs from /usr/lib/gcc/aarch64-linux-gnu/9/libgomp.spec
COLLECT_GCC_OPTIONS='-fPIC' '-fopenmp' '-v' '-rdynamic' '-o' 'cmTC_81cf8' '-v' '-shared-libgcc' '-mlittle-endian' '-mabi=lp64' '-pthread'
 /usr/lib/gcc/aarch64-linux-gnu/9/collect2 -plugin /usr/lib/gcc/aarch64-linux-gnu/9/liblto_plugin.so -plugin-opt=/usr/lib/gcc/aarch64-linux-gnu/9/lto-wrapper -plugin-opt=-fresolution=/tmp/ccj26eZz.res -plugin-opt=-pass-through=-lgcc_s -plugin-opt=-pass-through=-lgcc -plugin-opt=-pass-through=-lpthread -plugin-opt=-pass-through=-lc -plugin-opt=-pass-through=-lgcc_s -plugin-opt=-pass-through=-lgcc --build-id --eh-frame-hdr --hash-style=gnu --as-needed -export-dynamic -dynamic-linker /lib/ld-linux-aarch64.so.1 -X -EL -maarch64linux --fix-cortex-a53-843419 -pie -z now -z relro -o cmTC_81cf8 /usr/lib/gcc/aarch64-linux-gnu/9/../../../aarch64-linux-gnu/Scrt1.o /usr/lib/gcc/aarch64-linux-gnu/9/../../../aarch64-linux-gnu/crti.o /usr/lib/gcc/aarch64-linux-gnu/9/crtbeginS.o -L/usr/lib/gcc/aarch64-linux-gnu/9 -L/usr/lib/gcc/aarch64-linux-gnu/9/../../../aarch64-linux-gnu -L/usr/lib/gcc/aarch64-linux-gnu/9/../../../../lib -L/lib/aarch64-linux-gnu -L/lib/../lib -L/usr/lib/aarch64-linux-gnu -L/usr/lib/../lib -L/usr/lib/gcc/aarch64-linux-gnu/9/../../.. CMakeFiles/cmTC_81cf8.dir/OpenMPTryFlag.cpp.o -lstdc++ -lm -lgomp -lgcc_s -lgcc -lpthread -lc -lgcc_s -lgcc /usr/lib/gcc/aarch64-linux-gnu/9/crtendS.o /usr/lib/gcc/aarch64-linux-gnu/9/../../../aarch64-linux-gnu/crtn.o
COLLECT_GCC_OPTIONS='-fPIC' '-fopenmp' '-v' '-rdynamic' '-o' 'cmTC_81cf8' '-v' '-shared-libgcc' '-mlittle-endian' '-mabi=lp64' '-pthread'
make[4]: Leaving directory '/home/unitree/unitree/Odometer_service/build/ceres_catkin/ceres_src-prefix/src/ceres_src-build/CMakeFiles/CMakeTmp'
make[3]: Leaving directory '/home/unitree/unitree/Odometer_service/build/ceres_catkin/ceres_src-prefix/src/ceres_src-build/CMakeFiles/CMakeTmp'



Parsed CXX OpenMP implicit link information from above output:
  link line regex: [^( *|.*[/\])(ld|CMAKE_LINK_STARTFILE-NOTFOUND|([^/\]+-)?ld|collect2)[^/\]*( |$)]
  ignore line: [Change Dir: /home/unitree/unitree/Odometer_service/build/ceres_catkin/ceres_src-prefix/src/ceres_src-build/CMakeFiles/CMakeTmp]
  ignore line: []
  ignore line: [Run Build Command(s):/usr/bin/make cmTC_81cf8/fast && make[3]: Entering directory '/home/unitree/unitree/Odometer_service/build/ceres_catkin/ceres_src-prefix/src/ceres_src-build/CMakeFiles/CMakeTmp']
  ignore line: [/usr/bin/make -f CMakeFiles/cmTC_81cf8.dir/build.make CMakeFiles/cmTC_81cf8.dir/build]
  ignore line: [make[4]: Entering directory '/home/unitree/unitree/Odometer_service/build/ceres_catkin/ceres_src-prefix/src/ceres_src-build/CMakeFiles/CMakeTmp']
  ignore line: [Building CXX object CMakeFiles/cmTC_81cf8.dir/OpenMPTryFlag.cpp.o]
  ignore line: [/usr/bin/c++    -fPIC -fopenmp -v   -o CMakeFiles/cmTC_81cf8.dir/OpenMPTryFlag.cpp.o -c /home/unitree/unitree/Odometer_service/build/ceres_catkin/ceres_src-prefix/src/ceres_src-build/CMakeFiles/FindOpenMP/OpenMPTryFlag.cpp]
  ignore line: [Using built-in specs.]
  ignore line: [COLLECT_GCC=/usr/bin/c++]
  ignore line: [Target: aarch64-linux-gnu]
  ignore line: [Configured with: ../src/configure -v --with-pkgversion='Ubuntu 9.4.0-1ubuntu1~20.04.2' --with-bugurl=file:///usr/share/doc/gcc-9/README.Bugs --enable-languages=c ada c++ go d fortran objc obj-c++ gm2 --prefix=/usr --with-gcc-major-version-only --program-suffix=-9 --program-prefix=aarch64-linux-gnu- --enable-shared --enable-linker-build-id --libexecdir=/usr/lib --without-included-gettext --enable-threads=posix --libdir=/usr/lib --enable-nls --enable-clocale=gnu --enable-libstdcxx-debug --enable-libstdcxx-time=yes --with-default-libstdcxx-abi=new --enable-gnu-unique-object --disable-libquadmath --disable-libquadmath-support --enable-plugin --enable-default-pie --with-system-zlib --with-target-system-zlib=auto --enable-objc-gc=auto --enable-multiarch --enable-fix-cortex-a53-843419 --disable-werror --enable-checking=release --build=aarch64-linux-gnu --host=aarch64-linux-gnu --target=aarch64-linux-gnu]
  ignore line: [Thread model: posix]
  ignore line: [gcc version 9.4.0 (Ubuntu 9.4.0-1ubuntu1~20.04.2) ]
  ignore line: [COLLECT_GCC_OPTIONS='-fPIC' '-fopenmp' '-v' '-o' 'CMakeFiles/cmTC_81cf8.dir/OpenMPTryFlag.cpp.o' '-c' '-shared-libgcc' '-mlittle-endian' '-mabi=lp64' '-pthread']
  ignore line: [ /usr/lib/gcc/aarch64-linux-gnu/9/cc1plus -quiet -v -imultiarch aarch64-linux-gnu -D_GNU_SOURCE -D_REENTRANT /home/unitree/unitree/Odometer_service/build/ceres_catkin/ceres_src-prefix/src/ceres_src-build/CMakeFiles/FindOpenMP/OpenMPTryFlag.cpp -quiet -dumpbase OpenMPTryFlag.cpp -mlittle-endian -mabi=lp64 -auxbase-strip CMakeFiles/cmTC_81cf8.dir/OpenMPTryFlag.cpp.o -version -fPIC -fopenmp -fasynchronous-unwind-tables -fstack-protector-strong -Wformat -Wformat-security -fstack-clash-protection -o /tmp/ccLtP6V5.s]
  ignore line: [GNU C++14 (Ubuntu 9.4.0-1ubuntu1~20.04.2) version 9.4.0 (aarch64-linux-gnu)]
  ignore line: [	compiled by GNU C version 9.4.0  GMP version 6.2.0  MPFR version 4.0.2  MPC version 1.1.0  isl version isl-0.22.1-GMP]
  ignore line: []
  ignore line: [GGC heuristics: --param ggc-min-expand=100 --param ggc-min-heapsize=131072]
  ignore line: [ignoring duplicate directory "/usr/include/aarch64-linux-gnu/c++/9"]
  ignore line: [ignoring nonexistent directory "/usr/local/include/aarch64-linux-gnu"]
  ignore line: [ignoring nonexistent directory "/usr/lib/gcc/aarch64-linux-gnu/9/include-fixed"]
  ignore line: [ignoring nonexistent directory "/usr/lib/gcc/aarch64-linux-gnu/9/../../../../aarch64-linux-gnu/include"]
  ignore line: [#include "..." search starts here:]
  ignore line: [#include <...> search starts here:]
  ignore line: [ /usr/include/c++/9]
  ignore line: [ /usr/include/aarch64-linux-gnu/c++/9]
  ignore line: [ /usr/include/c++/9/backward]
  ignore line: [ /usr/lib/gcc/aarch64-linux-gnu/9/include]
  ignore line: [ /usr/local/include]
  ignore line: [ /usr/include/aarch64-linux-gnu]
  ignore line: [ /usr/include]
  ignore line: [End of search list.]
  ignore line: [GNU C++14 (Ubuntu 9.4.0-1ubuntu1~20.04.2) version 9.4.0 (aarch64-linux-gnu)]
  ignore line: [	compiled by GNU C version 9.4.0  GMP version 6.2.0  MPFR version 4.0.2  MPC version 1.1.0  isl version isl-0.22.1-GMP]
  ignore line: []
  ignore line: [GGC heuristics: --param ggc-min-expand=100 --param ggc-min-heapsize=131072]
  ignore line: [Compiler executable checksum: 76f300a9566415b293c4e87b0a05621d]
  ignore line: [COLLECT_GCC_OPTIONS='-fPIC' '-fopenmp' '-v' '-o' 'CMakeFiles/cmTC_81cf8.dir/OpenMPTryFlag.cpp.o' '-c' '-shared-libgcc' '-mlittle-endian' '-mabi=lp64' '-pthread']
  ignore line: [ as -v -EL -mabi=lp64 -o CMakeFiles/cmTC_81cf8.dir/OpenMPTryFlag.cpp.o /tmp/ccLtP6V5.s]
  ignore line: [GNU assembler version 2.34 (aarch64-linux-gnu) using BFD version (GNU Binutils for Ubuntu) 2.34]
  ignore line: [COMPILER_PATH=/usr/lib/gcc/aarch64-linux-gnu/9/:/usr/lib/gcc/aarch64-linux-gnu/9/:/usr/lib/gcc/aarch64-linux-gnu/:/usr/lib/gcc/aarch64-linux-gnu/9/:/usr/lib/gcc/aarch64-linux-gnu/]
  ignore line: [LIBRARY_PATH=/usr/lib/gcc/aarch64-linux-gnu/9/:/usr/lib/gcc/aarch64-linux-gnu/9/../../../aarch64-linux-gnu/:/usr/lib/gcc/aarch64-linux-gnu/9/../../../../lib/:/lib/aarch64-linux-gnu/:/lib/../lib/:/usr/lib/aarch64-linux-gnu/:/usr/lib/../lib/:/usr/lib/gcc/aarch64-linux-gnu/9/../../../:/lib/:/usr/lib/]
  ignore line: [COLLECT_GCC_OPTIONS='-fPIC' '-fopenmp' '-v' '-o' 'CMakeFiles/cmTC_81cf8.dir/OpenMPTryFlag.cpp.o' '-c' '-shared-libgcc' '-mlittle-endian' '-mabi=lp64' '-pthread']
  ignore line: [Linking CXX executable cmTC_81cf8]
  ignore line: [/usr/bin/cmake -E cmake_link_script CMakeFiles/cmTC_81cf8.dir/link.txt --verbose=1]
  ignore line: [/usr/bin/c++  -fPIC -fopenmp -v    -rdynamic CMakeFiles/cmTC_81cf8.dir/OpenMPTryFlag.cpp.o  -o cmTC_81cf8  -v ]
  ignore line: [Using built-in specs.]
  ignore line: [COLLECT_GCC=/usr/bin/c++]
  ignore line: [COLLECT_LTO_WRAPPER=/usr/lib/gcc/aarch64-linux-gnu/9/lto-wrapper]
  ignore line: [Target: aarch64-linux-gnu]
  ignore line: [Configured with: ../src/configure -v --with-pkgversion='Ubuntu 9.4.0-1ubuntu1~20.04.2' --with-bugurl=file:///usr/share/doc/gcc-9/README.Bugs --enable-languages=c ada c++ go d fortran objc obj-c++ gm2 --prefix=/usr --with-gcc-major-version-only --program-suffix=-9 --program-prefix=aarch64-linux-gnu- --enable-shared --enable-linker-build-id --libexecdir=/usr/lib --without-included-gettext --enable-threads=posix --libdir=/usr/lib --enable-nls --enable-clocale=gnu --enable-libstdcxx-debug --enable-libstdcxx-time=yes --with-default-libstdcxx-abi=new --enable-gnu-unique-object --disable-libquadmath --disable-libquadmath-support --enable-plugin --enable-default-pie --with-system-zlib --with-target-system-zlib=auto --enable-objc-gc=auto --enable-multiarch --enable-fix-cortex-a53-843419 --disable-werror --enable-checking=release --build=aarch64-linux-gnu --host=aarch64-linux-gnu --target=aarch64-linux-gnu]
  ignore line: [Thread model: posix]
  ignore line: [gcc version 9.4.0 (Ubuntu 9.4.0-1ubuntu1~20.04.2) ]
  ignore line: [COMPILER_PATH=/usr/lib/gcc/aarch64-linux-gnu/9/:/usr/lib/gcc/aarch64-linux-gnu/9/:/usr/lib/gcc/aarch64-linux-gnu/:/usr/lib/gcc/aarch64-linux-gnu/9/:/usr/lib/gcc/aarch64-linux-gnu/]
  ignore line: [LIBRARY_PATH=/usr/lib/gcc/aarch64-linux-gnu/9/:/usr/lib/gcc/aarch64-linux-gnu/9/../../../aarch64-linux-gnu/:/usr/lib/gcc/aarch64-linux-gnu/9/../../../../lib/:/lib/aarch64-linux-gnu/:/lib/../lib/:/usr/lib/aarch64-linux-gnu/:/usr/lib/../lib/:/usr/lib/gcc/aarch64-linux-gnu/9/../../../:/lib/:/usr/lib/]
  ignore line: [Reading specs from /usr/lib/gcc/aarch64-linux-gnu/9/libgomp.spec]
  ignore line: [COLLECT_GCC_OPTIONS='-fPIC' '-fopenmp' '-v' '-rdynamic' '-o' 'cmTC_81cf8' '-v' '-shared-libgcc' '-mlittle-endian' '-mabi=lp64' '-pthread']
  link line: [ /usr/lib/gcc/aarch64-linux-gnu/9/collect2 -plugin /usr/lib/gcc/aarch64-linux-gnu/9/liblto_plugin.so -plugin-opt=/usr/lib/gcc/aarch64-linux-gnu/9/lto-wrapper -plugin-opt=-fresolution=/tmp/ccj26eZz.res -plugin-opt=-pass-through=-lgcc_s -plugin-opt=-pass-through=-lgcc -plugin-opt=-pass-through=-lpthread -plugin-opt=-pass-through=-lc -plugin-opt=-pass-through=-lgcc_s -plugin-opt=-pass-through=-lgcc --build-id --eh-frame-hdr --hash-style=gnu --as-needed -export-dynamic -dynamic-linker /lib/ld-linux-aarch64.so.1 -X -EL -maarch64linux --fix-cortex-a53-843419 -pie -z now -z relro -o cmTC_81cf8 /usr/lib/gcc/aarch64-linux-gnu/9/../../../aarch64-linux-gnu/Scrt1.o /usr/lib/gcc/aarch64-linux-gnu/9/../../../aarch64-linux-gnu/crti.o /usr/lib/gcc/aarch64-linux-gnu/9/crtbeginS.o -L/usr/lib/gcc/aarch64-linux-gnu/9 -L/usr/lib/gcc/aarch64-linux-gnu/9/../../../aarch64-linux-gnu -L/usr/lib/gcc/aarch64-linux-gnu/9/../../../../lib -L/lib/aarch64-linux-gnu -L/lib/../lib -L/usr/lib/aarch64-linux-gnu -L/usr/lib/../lib -L/usr/lib/gcc/aarch64-linux-gnu/9/../../.. CMakeFiles/cmTC_81cf8.dir/OpenMPTryFlag.cpp.o -lstdc++ -lm -lgomp -lgcc_s -lgcc -lpthread -lc -lgcc_s -lgcc /usr/lib/gcc/aarch64-linux-gnu/9/crtendS.o /usr/lib/gcc/aarch64-linux-gnu/9/../../../aarch64-linux-gnu/crtn.o]
    arg [/usr/lib/gcc/aarch64-linux-gnu/9/collect2] ==> ignore
    arg [-plugin] ==> ignore
    arg [/usr/lib/gcc/aarch64-linux-gnu/9/liblto_plugin.so] ==> ignore
    arg [-plugin-opt=/usr/lib/gcc/aarch64-linux-gnu/9/lto-wrapper] ==> ignore
    arg [-plugin-opt=-fresolution=/tmp/ccj26eZz.res] ==> ignore
    arg [-plugin-opt=-pass-through=-lgcc_s] ==> ignore
    arg [-plugin-opt=-pass-through=-lgcc] ==> ignore
    arg [-plugin-opt=-pass-through=-lpthread] ==> ignore
    arg [-plugin-opt=-pass-through=-lc] ==> ignore
    arg [-plugin-opt=-pass-through=-lgcc_s] ==> ignore
    arg [-plugin-opt=-pass-through=-lgcc] ==> ignore
    arg [--build-id] ==> ignore
    arg [--eh-frame-hdr] ==> ignore
    arg [--hash-style=gnu] ==> ignore
    arg [--as-needed] ==> ignore
    arg [-export-dynamic] ==> ignore
    arg [-dynamic-linker] ==> ignore
    arg [/lib/ld-linux-aarch64.so.1] ==> ignore
    arg [-X] ==> ignore
    arg [-EL] ==> ignore
    arg [-maarch64linux] ==> ignore
    arg [--fix-cortex-a53-843419] ==> ignore
    arg [-pie] ==> ignore
    arg [-znow] ==> ignore
    arg [-zrelro] ==> ignore
    arg [-o] ==> ignore
    arg [cmTC_81cf8] ==> ignore
    arg [/usr/lib/gcc/aarch64-linux-gnu/9/../../../aarch64-linux-gnu/Scrt1.o] ==> ignore
    arg [/usr/lib/gcc/aarch64-linux-gnu/9/../../../aarch64-linux-gnu/crti.o] ==> ignore
    arg [/usr/lib/gcc/aarch64-linux-gnu/9/crtbeginS.o] ==> ignore
    arg [-L/usr/lib/gcc/aarch64-linux-gnu/9] ==> dir [/usr/lib/gcc/aarch64-linux-gnu/9]
    arg [-L/usr/lib/gcc/aarch64-linux-gnu/9/../../../aarch64-linux-gnu] ==> dir [/usr/lib/gcc/aarch64-linux-gnu/9/../../../aarch64-linux-gnu]
    arg [-L/usr/lib/gcc/aarch64-linux-gnu/9/../../../../lib] ==> dir [/usr/lib/gcc/aarch64-linux-gnu/9/../../../../lib]
    arg [-L/lib/aarch64-linux-gnu] ==> dir [/lib/aarch64-linux-gnu]
    arg [-L/lib/../lib] ==> dir [/lib/../lib]
    arg [-L/usr/lib/aarch64-linux-gnu] ==> dir [/usr/lib/aarch64-linux-gnu]
    arg [-L/usr/lib/../lib] ==> dir [/usr/lib/../lib]
    arg [-L/usr/lib/gcc/aarch64-linux-gnu/9/../../..] ==> dir [/usr/lib/gcc/aarch64-linux-gnu/9/../../..]
    arg [CMakeFiles/cmTC_81cf8.dir/OpenMPTryFlag.cpp.o] ==> ignore
    arg [-lstdc++] ==> lib [stdc++]
    arg [-lm] ==> lib [m]
    arg [-lgomp] ==> lib [gomp]
    arg [-lgcc_s] ==> lib [gcc_s]
    arg [-lgcc] ==> lib [gcc]
    arg [-lpthread] ==> lib [pthread]
    arg [-lc] ==> lib [c]
    arg [-lgcc_s] ==> lib [gcc_s]
    arg [-lgcc] ==> lib [gcc]
    arg [/usr/lib/gcc/aarch64-linux-gnu/9/crtendS.o] ==> ignore
    arg [/usr/lib/gcc/aarch64-linux-gnu/9/../../../aarch64-linux-gnu/crtn.o] ==> ignore
  collapse library dir [/usr/lib/gcc/aarch64-linux-gnu/9] ==> [/usr/lib/gcc/aarch64-linux-gnu/9]
  collapse library dir [/usr/lib/gcc/aarch64-linux-gnu/9/../../../aarch64-linux-gnu] ==> [/usr/lib/aarch64-linux-gnu]
  collapse library dir [/usr/lib/gcc/aarch64-linux-gnu/9/../../../../lib] ==> [/usr/lib]
  collapse library dir [/lib/aarch64-linux-gnu] ==> [/lib/aarch64-linux-gnu]
  collapse library dir [/lib/../lib] ==> [/lib]
  collapse library dir [/usr/lib/aarch64-linux-gnu] ==> [/usr/lib/aarch64-linux-gnu]
  collapse library dir [/usr/lib/../lib] ==> [/usr/lib]
  collapse library dir [/usr/lib/gcc/aarch64-linux-gnu/9/../../..] ==> [/usr/lib]
  implicit libs: [stdc++;m;gomp;gcc_s;gcc;pthread;c;gcc_s;gcc]
  implicit dirs: [/usr/lib/gcc/aarch64-linux-gnu/9;/usr/lib/aarch64-linux-gnu;/usr/lib;/lib/aarch64-linux-gnu;/lib]
  implicit fwks: []


Performing C++ SOURCE FILE Test COMPILER_HAS_CXX11_FLAG succeeded with the following output:
Change Dir: /home/unitree/unitree/Odometer_service/build/ceres_catkin/ceres_src-prefix/src/ceres_src-build/CMakeFiles/CMakeTmp

Run Build Command(s):/usr/bin/make cmTC_67fb2/fast && make[3]: Entering directory '/home/unitree/unitree/Odometer_service/build/ceres_catkin/ceres_src-prefix/src/ceres_src-build/CMakeFiles/CMakeTmp'
/usr/bin/make -f CMakeFiles/cmTC_67fb2.dir/build.make CMakeFiles/cmTC_67fb2.dir/build
make[4]: Entering directory '/home/unitree/unitree/Odometer_service/build/ceres_catkin/ceres_src-prefix/src/ceres_src-build/CMakeFiles/CMakeTmp'
Building CXX object CMakeFiles/cmTC_67fb2.dir/src.cxx.o
/usr/bin/c++    -fPIC -fopenmp -DCOMPILER_HAS_CXX11_FLAG -fPIC -fopenmp   -std=c++11 -o CMakeFiles/cmTC_67fb2.dir/src.cxx.o -c /home/unitree/unitree/Odometer_service/build/ceres_catkin/ceres_src-prefix/src/ceres_src-build/CMakeFiles/CMakeTmp/src.cxx
Linking CXX executable cmTC_67fb2
/usr/bin/cmake -E cmake_link_script CMakeFiles/cmTC_67fb2.dir/link.txt --verbose=1
/usr/bin/c++  -fPIC -fopenmp -DCOMPILER_HAS_CXX11_FLAG -fPIC -fopenmp    -rdynamic CMakeFiles/cmTC_67fb2.dir/src.cxx.o  -o cmTC_67fb2 
make[4]: Leaving directory '/home/unitree/unitree/Odometer_service/build/ceres_catkin/ceres_src-prefix/src/ceres_src-build/CMakeFiles/CMakeTmp'
make[3]: Leaving directory '/home/unitree/unitree/Odometer_service/build/ceres_catkin/ceres_src-prefix/src/ceres_src-build/CMakeFiles/CMakeTmp'


Source file was:
int main() { return 0; }
Determining if the include file unordered_map exists passed with the following output:
Change Dir: /home/unitree/unitree/Odometer_service/build/ceres_catkin/ceres_src-prefix/src/ceres_src-build/CMakeFiles/CMakeTmp

Run Build Command(s):/usr/bin/make cmTC_cd05f/fast && make[3]: Entering directory '/home/unitree/unitree/Odometer_service/build/ceres_catkin/ceres_src-prefix/src/ceres_src-build/CMakeFiles/CMakeTmp'
/usr/bin/make -f CMakeFiles/cmTC_cd05f.dir/build.make CMakeFiles/cmTC_cd05f.dir/build
make[4]: Entering directory '/home/unitree/unitree/Odometer_service/build/ceres_catkin/ceres_src-prefix/src/ceres_src-build/CMakeFiles/CMakeTmp'
Building CXX object CMakeFiles/cmTC_cd05f.dir/CheckIncludeFile.cxx.o
/usr/bin/c++    -fPIC -fopenmp -fPIC -fopenmp   -o CMakeFiles/cmTC_cd05f.dir/CheckIncludeFile.cxx.o -c /home/unitree/unitree/Odometer_service/build/ceres_catkin/ceres_src-prefix/src/ceres_src-build/CMakeFiles/CMakeTmp/CheckIncludeFile.cxx
Linking CXX executable cmTC_cd05f
/usr/bin/cmake -E cmake_link_script CMakeFiles/cmTC_cd05f.dir/link.txt --verbose=1
/usr/bin/c++  -fPIC -fopenmp -fPIC -fopenmp    -rdynamic CMakeFiles/cmTC_cd05f.dir/CheckIncludeFile.cxx.o  -o cmTC_cd05f 
make[4]: Leaving directory '/home/unitree/unitree/Odometer_service/build/ceres_catkin/ceres_src-prefix/src/ceres_src-build/CMakeFiles/CMakeTmp'
make[3]: Leaving directory '/home/unitree/unitree/Odometer_service/build/ceres_catkin/ceres_src-prefix/src/ceres_src-build/CMakeFiles/CMakeTmp'



Performing C++ SOURCE FILE Test HAVE_UNORDERED_MAP_IN_STD_NAMESPACE succeeded with the following output:
Change Dir: /home/unitree/unitree/Odometer_service/build/ceres_catkin/ceres_src-prefix/src/ceres_src-build/CMakeFiles/CMakeTmp

Run Build Command(s):/usr/bin/make cmTC_3142d/fast && make[3]: Entering directory '/home/unitree/unitree/Odometer_service/build/ceres_catkin/ceres_src-prefix/src/ceres_src-build/CMakeFiles/CMakeTmp'
/usr/bin/make -f CMakeFiles/cmTC_3142d.dir/build.make CMakeFiles/cmTC_3142d.dir/build
make[4]: Entering directory '/home/unitree/unitree/Odometer_service/build/ceres_catkin/ceres_src-prefix/src/ceres_src-build/CMakeFiles/CMakeTmp'
Building CXX object CMakeFiles/cmTC_3142d.dir/src.cxx.o
/usr/bin/c++    -fPIC -fopenmp -DHAVE_UNORDERED_MAP_IN_STD_NAMESPACE -fPIC -fopenmp   -o CMakeFiles/cmTC_3142d.dir/src.cxx.o -c /home/unitree/unitree/Odometer_service/build/ceres_catkin/ceres_src-prefix/src/ceres_src-build/CMakeFiles/CMakeTmp/src.cxx
Linking CXX executable cmTC_3142d
/usr/bin/cmake -E cmake_link_script CMakeFiles/cmTC_3142d.dir/link.txt --verbose=1
/usr/bin/c++  -fPIC -fopenmp -DHAVE_UNORDERED_MAP_IN_STD_NAMESPACE -fPIC -fopenmp    -rdynamic CMakeFiles/cmTC_3142d.dir/src.cxx.o  -o cmTC_3142d 
make[4]: Leaving directory '/home/unitree/unitree/Odometer_service/build/ceres_catkin/ceres_src-prefix/src/ceres_src-build/CMakeFiles/CMakeTmp'
make[3]: Leaving directory '/home/unitree/unitree/Odometer_service/build/ceres_catkin/ceres_src-prefix/src/ceres_src-build/CMakeFiles/CMakeTmp'


Source file was:
#include <unordered_map>
                               int main() {
                                 std::unordered_map<int, int> map;
                                 return 0;
                               }
Determining if the include file memory exists passed with the following output:
Change Dir: /home/unitree/unitree/Odometer_service/build/ceres_catkin/ceres_src-prefix/src/ceres_src-build/CMakeFiles/CMakeTmp

Run Build Command(s):/usr/bin/make cmTC_a9872/fast && make[3]: Entering directory '/home/unitree/unitree/Odometer_service/build/ceres_catkin/ceres_src-prefix/src/ceres_src-build/CMakeFiles/CMakeTmp'
/usr/bin/make -f CMakeFiles/cmTC_a9872.dir/build.make CMakeFiles/cmTC_a9872.dir/build
make[4]: Entering directory '/home/unitree/unitree/Odometer_service/build/ceres_catkin/ceres_src-prefix/src/ceres_src-build/CMakeFiles/CMakeTmp'
Building CXX object CMakeFiles/cmTC_a9872.dir/CheckIncludeFile.cxx.o
/usr/bin/c++    -fPIC -fopenmp -fPIC -fopenmp   -o CMakeFiles/cmTC_a9872.dir/CheckIncludeFile.cxx.o -c /home/unitree/unitree/Odometer_service/build/ceres_catkin/ceres_src-prefix/src/ceres_src-build/CMakeFiles/CMakeTmp/CheckIncludeFile.cxx
Linking CXX executable cmTC_a9872
/usr/bin/cmake -E cmake_link_script CMakeFiles/cmTC_a9872.dir/link.txt --verbose=1
/usr/bin/c++  -fPIC -fopenmp -fPIC -fopenmp    -rdynamic CMakeFiles/cmTC_a9872.dir/CheckIncludeFile.cxx.o  -o cmTC_a9872 
make[4]: Leaving directory '/home/unitree/unitree/Odometer_service/build/ceres_catkin/ceres_src-prefix/src/ceres_src-build/CMakeFiles/CMakeTmp'
make[3]: Leaving directory '/home/unitree/unitree/Odometer_service/build/ceres_catkin/ceres_src-prefix/src/ceres_src-build/CMakeFiles/CMakeTmp'



Performing C++ SOURCE FILE Test HAVE_SHARED_PTR_IN_STD_NAMESPACE succeeded with the following output:
Change Dir: /home/unitree/unitree/Odometer_service/build/ceres_catkin/ceres_src-prefix/src/ceres_src-build/CMakeFiles/CMakeTmp

Run Build Command(s):/usr/bin/make cmTC_2be26/fast && make[3]: Entering directory '/home/unitree/unitree/Odometer_service/build/ceres_catkin/ceres_src-prefix/src/ceres_src-build/CMakeFiles/CMakeTmp'
/usr/bin/make -f CMakeFiles/cmTC_2be26.dir/build.make CMakeFiles/cmTC_2be26.dir/build
make[4]: Entering directory '/home/unitree/unitree/Odometer_service/build/ceres_catkin/ceres_src-prefix/src/ceres_src-build/CMakeFiles/CMakeTmp'
Building CXX object CMakeFiles/cmTC_2be26.dir/src.cxx.o
/usr/bin/c++    -fPIC -fopenmp -DHAVE_SHARED_PTR_IN_STD_NAMESPACE -fPIC -fopenmp   -o CMakeFiles/cmTC_2be26.dir/src.cxx.o -c /home/unitree/unitree/Odometer_service/build/ceres_catkin/ceres_src-prefix/src/ceres_src-build/CMakeFiles/CMakeTmp/src.cxx
Linking CXX executable cmTC_2be26
/usr/bin/cmake -E cmake_link_script CMakeFiles/cmTC_2be26.dir/link.txt --verbose=1
/usr/bin/c++  -fPIC -fopenmp -DHAVE_SHARED_PTR_IN_STD_NAMESPACE -fPIC -fopenmp    -rdynamic CMakeFiles/cmTC_2be26.dir/src.cxx.o  -o cmTC_2be26 
make[4]: Leaving directory '/home/unitree/unitree/Odometer_service/build/ceres_catkin/ceres_src-prefix/src/ceres_src-build/CMakeFiles/CMakeTmp'
make[3]: Leaving directory '/home/unitree/unitree/Odometer_service/build/ceres_catkin/ceres_src-prefix/src/ceres_src-build/CMakeFiles/CMakeTmp'


Source file was:
#include <memory>
                               int main() {
                                 std::shared_ptr<int> int_ptr;
                                 return 0;
                               }
Performing C++ SOURCE FILE Test CXX11_MATH_FUNCTIONS_FOUND succeeded with the following output:
Change Dir: /home/unitree/unitree/Odometer_service/build/ceres_catkin/ceres_src-prefix/src/ceres_src-build/CMakeFiles/CMakeTmp

Run Build Command(s):/usr/bin/make cmTC_dd8d5/fast && make[3]: Entering directory '/home/unitree/unitree/Odometer_service/build/ceres_catkin/ceres_src-prefix/src/ceres_src-build/CMakeFiles/CMakeTmp'
/usr/bin/make -f CMakeFiles/cmTC_dd8d5.dir/build.make CMakeFiles/cmTC_dd8d5.dir/build
make[4]: Entering directory '/home/unitree/unitree/Odometer_service/build/ceres_catkin/ceres_src-prefix/src/ceres_src-build/CMakeFiles/CMakeTmp'
Building CXX object CMakeFiles/cmTC_dd8d5.dir/src.cxx.o
/usr/bin/c++    -fPIC -fopenmp -DCXX11_MATH_FUNCTIONS_FOUND -fPIC -fopenmp   -o CMakeFiles/cmTC_dd8d5.dir/src.cxx.o -c /home/unitree/unitree/Odometer_service/build/ceres_catkin/ceres_src-prefix/src/ceres_src-build/CMakeFiles/CMakeTmp/src.cxx
Linking CXX executable cmTC_dd8d5
/usr/bin/cmake -E cmake_link_script CMakeFiles/cmTC_dd8d5.dir/link.txt --verbose=1
/usr/bin/c++  -fPIC -fopenmp -DCXX11_MATH_FUNCTIONS_FOUND -fPIC -fopenmp    -rdynamic CMakeFiles/cmTC_dd8d5.dir/src.cxx.o  -o cmTC_dd8d5 
make[4]: Leaving directory '/home/unitree/unitree/Odometer_service/build/ceres_catkin/ceres_src-prefix/src/ceres_src-build/CMakeFiles/CMakeTmp'
make[3]: Leaving directory '/home/unitree/unitree/Odometer_service/build/ceres_catkin/ceres_src-prefix/src/ceres_src-build/CMakeFiles/CMakeTmp'


Source file was:
#include <cmath>
                             #include <cstddef>
                             static constexpr size_t kMaxAlignBytes = alignof(std::max_align_t);
                             int main() {
                                std::cbrt(1.0);
                                std::exp2(1.0);
                                std::log2(1.0);
                                std::hypot(1.0, 1.0);
                                std::fmax(1.0, 1.0);
                                std::fmin(1.0, 1.0);
                                return 0;
                             }
